course_id,university,program_name,program_name_en,program_code,degree_level,course_code,course_name_original,course_name_en,credits,component,semester,description,description_en,prerequisites,assessment,academic_year,source_url,source_language,notes
NPUA-0001,National Polytechnic University of Armenia,Informatics (Computer Science),Informatics (Computer Science),,Bachelor,,Ճարտ. և համակարգչային գրաֆիկա,,2,,,,,,,2025/2026,https://polytech.am/edu/computer_science/,Armenian,"npua_scrape: captured from public course list page; limited_metadata: source exposed course titles and credits only; no descriptions, prerequisites, or course codes"
NPUA-0002,National Polytechnic University of Armenia,Informatics (Computer Science),Informatics (Computer Science),,Bachelor,,Կիրառական մեխանիկա,,5,,,,,,,2025/2026,https://polytech.am/edu/computer_science/,Armenian,"npua_scrape: captured from public course list page; limited_metadata: source exposed course titles and credits only; no descriptions, prerequisites, or course codes"
NPUA-0003,National Polytechnic University of Armenia,Informatics (Computer Science),Informatics (Computer Science),,Bachelor,,Ընդհանուր էլեկտրատեխնիկա,,5,,,,,,,2025/2026,https://polytech.am/edu/computer_science/,Armenian,"npua_scrape: captured from public course list page; limited_metadata: source exposed course titles and credits only; no descriptions, prerequisites, or course codes"
NPUA-0004,National Polytechnic University of Armenia,Informatics (Computer Science),Informatics (Computer Science),,Bachelor,,Մաթեմատիկական անալիզ 3,,5,,,,,,,2025/2026,https://polytech.am/edu/computer_science/,Armenian,"npua_scrape: captured from public course list page; limited_metadata: source exposed course titles and credits only; no descriptions, prerequisites, or course codes"
NPUA-0005,National Polytechnic University of Armenia,Informatics (Computer Science),Informatics (Computer Science),,Bachelor,,MATLAB ծրագրային փաթեթ 1,,3,,,,,,,2025/2026,https://polytech.am/edu/computer_science/,Armenian,"npua_scrape: captured from public course list page; limited_metadata: source exposed course titles and credits only; no descriptions, prerequisites, or course codes"
NPUA-0006,National Polytechnic University of Armenia,Informatics (Computer Science),Informatics (Computer Science),,Bachelor,,Դիֆ. հավասարումներ,,4,,,,,,,2025/2026,https://polytech.am/edu/computer_science/,Armenian,"npua_scrape: captured from public course list page; limited_metadata: source exposed course titles and credits only; no descriptions, prerequisites, or course codes"
NPUA-0007,National Polytechnic University of Armenia,Informatics (Computer Science),Informatics (Computer Science),,Bachelor,,Կոմպլեքս անալիզ,,5,,,,,,,2025/2026,https://polytech.am/edu/computer_science/,Armenian,"npua_scrape: captured from public course list page; limited_metadata: source exposed course titles and credits only; no descriptions, prerequisites, or course codes"
NPUA-0008,National Polytechnic University of Armenia,Informatics (Computer Science),Informatics (Computer Science),,Bachelor,,"Հավանականությունների տեսություն և մաթ. վիճակագրություն 1,2",,6,,,,,,,2025/2026,https://polytech.am/edu/computer_science/,Armenian,"npua_scrape: captured from public course list page; limited_metadata: source exposed course titles and credits only; no descriptions, prerequisites, or course codes"
NPUA-0009,National Polytechnic University of Armenia,Informatics (Computer Science),Informatics (Computer Science),,Bachelor,,Մաթ.ֆիզ. հավասարումներ,,4,,,,,,,2025/2026,https://polytech.am/edu/computer_science/,Armenian,"npua_scrape: captured from public course list page; limited_metadata: source exposed course titles and credits only; no descriptions, prerequisites, or course codes"
NPUA-0010,National Polytechnic University of Armenia,Informatics (Computer Science),Informatics (Computer Science),,Bachelor,,Ֆունկցիոնալ անալիզ,,4,,,,,,,2025/2026,https://polytech.am/edu/computer_science/,Armenian,"npua_scrape: captured from public course list page; limited_metadata: source exposed course titles and credits only; no descriptions, prerequisites, or course codes"
NPUA-0011,National Polytechnic University of Armenia,Informatics (Computer Science),Informatics (Computer Science),,Bachelor,,Մաթեմատիկական տրամաբանություն,,5,,,,,,,2025/2026,https://polytech.am/edu/computer_science/,Armenian,"npua_scrape: captured from public course list page; limited_metadata: source exposed course titles and credits only; no descriptions, prerequisites, or course codes"
NPUA-0012,National Polytechnic University of Armenia,Informatics (Computer Science),Informatics (Computer Science),,Bachelor,,Ալգորիթմների տեսություն,,5,,,,,,,2025/2026,https://polytech.am/edu/computer_science/,Armenian,"npua_scrape: captured from public course list page; limited_metadata: source exposed course titles and credits only; no descriptions, prerequisites, or course codes"
NPUA-0013,National Polytechnic University of Armenia,Informatics (Computer Science),Informatics (Computer Science),,Bachelor,,"Դիսկրետ մաթեմատիկա 1,2",,9,,,,,,,2025/2026,https://polytech.am/edu/computer_science/,Armenian,"npua_scrape: captured from public course list page; limited_metadata: source exposed course titles and credits only; no descriptions, prerequisites, or course codes"
NPUA-0014,National Polytechnic University of Armenia,Informatics (Computer Science),Informatics (Computer Science),,Bachelor,,"Մաթեմատիկական ծրագրավորում 1,2",,10,,,,,,,2025/2026,https://polytech.am/edu/computer_science/,Armenian,"npua_scrape: captured from public course list page; limited_metadata: source exposed course titles and credits only; no descriptions, prerequisites, or course codes"
NPUA-0015,National Polytechnic University of Armenia,Informatics (Computer Science),Informatics (Computer Science),,Bachelor,,"Թվային մեթոդներ 1,2",,10,,,,,,,2025/2026,https://polytech.am/edu/computer_science/,Armenian,"npua_scrape: captured from public course list page; limited_metadata: source exposed course titles and credits only; no descriptions, prerequisites, or course codes"
NPUA-0016,National Polytechnic University of Armenia,Informatics (Computer Science),Informatics (Computer Science),,Bachelor,,Կիրառական դիֆերենցիալ երկրաչափություն,,5,,,,,,,2025/2026,https://polytech.am/edu/computer_science/,Armenian,"npua_scrape: captured from public course list page; limited_metadata: source exposed course titles and credits only; no descriptions, prerequisites, or course codes"
NPUA-0017,National Polytechnic University of Armenia,Informatics (Computer Science),Informatics (Computer Science),,Bachelor,,Կոդավորման տեսություն,,5,,,,,,,2025/2026,https://polytech.am/edu/computer_science/,Armenian,"npua_scrape: captured from public course list page; limited_metadata: source exposed course titles and credits only; no descriptions, prerequisites, or course codes"
NPUA-0018,National Polytechnic University of Armenia,Informatics (Computer Science),Informatics (Computer Science),,Bachelor,,Ինֆորմացիայի կիրառական տեսություն,,4,,,,,,,2025/2026,https://polytech.am/edu/computer_science/,Armenian,"npua_scrape: captured from public course list page; limited_metadata: source exposed course titles and credits only; no descriptions, prerequisites, or course codes"
NPUA-0019,National Polytechnic University of Armenia,Informatics (Computer Science),Informatics (Computer Science),,Bachelor,,"Ծրագրավորման հիմունքներ 5,6",,11,,,,,,,2025/2026,https://polytech.am/edu/computer_science/,Armenian,"npua_scrape: captured from public course list page; limited_metadata: source exposed course titles and credits only; no descriptions, prerequisites, or course codes"
NPUA-0020,National Polytechnic University of Armenia,Informatics (Computer Science),Informatics (Computer Science),,Bachelor,,Web ծրագրավորում,,5,,,,,,,2025/2026,https://polytech.am/edu/computer_science/,Armenian,"npua_scrape: captured from public course list page; limited_metadata: source exposed course titles and credits only; no descriptions, prerequisites, or course codes"
NPUA-0021,National Polytechnic University of Armenia,Informatics (Computer Science),Informatics (Computer Science),,Bachelor,,ԷՀՄ ճարտարապետություն,,5,,,,,,,2025/2026,https://polytech.am/edu/computer_science/,Armenian,"npua_scrape: captured from public course list page; limited_metadata: source exposed course titles and credits only; no descriptions, prerequisites, or course codes"
NPUA-0022,National Polytechnic University of Armenia,Informatics (Computer Science),Informatics (Computer Science),,Bachelor,,Ծրագրավորման տեխնոլոգիաներ,,5,,,,,,,2025/2026,https://polytech.am/edu/computer_science/,Armenian,"npua_scrape: captured from public course list page; limited_metadata: source exposed course titles and credits only; no descriptions, prerequisites, or course codes"
NPUA-0023,National Polytechnic University of Armenia,Informatics (Computer Science),Informatics (Computer Science),,Bachelor,,Համակարգային ծրագրավորում,,6,,,,,,,2025/2026,https://polytech.am/edu/computer_science/,Armenian,"npua_scrape: captured from public course list page; limited_metadata: source exposed course titles and credits only; no descriptions, prerequisites, or course codes"
NPUA-0024,National Polytechnic University of Armenia,Informatics (Computer Science),Informatics (Computer Science),,Bachelor,,Օպերացիոն համակարգեր,,5,,,,,,,2025/2026,https://polytech.am/edu/computer_science/,Armenian,"npua_scrape: captured from public course list page; limited_metadata: source exposed course titles and credits only; no descriptions, prerequisites, or course codes"
NPUA-0025,National Polytechnic University of Armenia,Informatics (Computer Science),Informatics (Computer Science),,Bachelor,,Քոմփյութերային երկրաչափություն,,5,,,,,,,2025/2026,https://polytech.am/edu/computer_science/,Armenian,"npua_scrape: captured from public course list page; limited_metadata: source exposed course titles and credits only; no descriptions, prerequisites, or course codes"
NPUA-0026,National Polytechnic University of Armenia,Informatics (Computer Science),Informatics (Computer Science),,Bachelor,,Տվյալների բազաներ,,3,,,,,,,2025/2026,https://polytech.am/edu/computer_science/,Armenian,"npua_scrape: captured from public course list page; limited_metadata: source exposed course titles and credits only; no descriptions, prerequisites, or course codes"
NPUA-0027,National Polytechnic University of Armenia,Information Technologies,Information Technologies,,Bachelor,,Տվյալների կառուցվածքներ և Ալգորիթմներ,,5,,,,,,,2025/2026,https://polytech.am/edu/information_technologies-2/,Armenian,"npua_scrape: captured from public course list page; limited_metadata: source exposed course titles and credits only; no descriptions, prerequisites, or course codes"
NPUA-0028,National Polytechnic University of Armenia,Information Technologies,Information Technologies,,Bachelor,,Կիրառական ծրագրեր,,3,,,,,,,2025/2026,https://polytech.am/edu/information_technologies-2/,Armenian,"npua_scrape: captured from public course list page; limited_metadata: source exposed course titles and credits only; no descriptions, prerequisites, or course codes"
NPUA-0029,National Polytechnic University of Armenia,Information Technologies,Information Technologies,,Bachelor,,"Դիսկրետ մաթեմատիկա, ալգորիթմներ և ծրագրեր",,5,,,,,,,2025/2026,https://polytech.am/edu/information_technologies-2/,Armenian,"npua_scrape: captured from public course list page; limited_metadata: source exposed course titles and credits only; no descriptions, prerequisites, or course codes"
NPUA-0030,National Polytechnic University of Armenia,Information Technologies,Information Technologies,,Bachelor,,Մարդ-մեքենա փոխգործակցություն,,6,,,,,,,2025/2026,https://polytech.am/edu/information_technologies-2/,Armenian,"npua_scrape: captured from public course list page; limited_metadata: source exposed course titles and credits only; no descriptions, prerequisites, or course codes"
NPUA-0031,National Polytechnic University of Armenia,Information Technologies,Information Technologies,,Bachelor,,Web տեխնոլոգիաներ,,12,,,,,,,2025/2026,https://polytech.am/edu/information_technologies-2/,Armenian,"npua_scrape: captured from public course list page; limited_metadata: source exposed course titles and credits only; no descriptions, prerequisites, or course codes"
NPUA-0032,National Polytechnic University of Armenia,Information Technologies,Information Technologies,,Bachelor,,Տվյալների բազաների կառավարման համակարգեր,,11,,,,,,,2025/2026,https://polytech.am/edu/information_technologies-2/,Armenian,"npua_scrape: captured from public course list page; limited_metadata: source exposed course titles and credits only; no descriptions, prerequisites, or course codes"
NPUA-0033,National Polytechnic University of Armenia,Information Technologies,Information Technologies,,Bachelor,,Ճարտարագիտական մոդելավորում,,6,,,,,,,2025/2026,https://polytech.am/edu/information_technologies-2/,Armenian,"npua_scrape: captured from public course list page; limited_metadata: source exposed course titles and credits only; no descriptions, prerequisites, or course codes"
NPUA-0034,National Polytechnic University of Armenia,Information Technologies,Information Technologies,,Bachelor,,ՏՏ-ի սոցիալական և էթիկական հարցերը,,2,,,,,,,2025/2026,https://polytech.am/edu/information_technologies-2/,Armenian,"npua_scrape: captured from public course list page; limited_metadata: source exposed course titles and credits only; no descriptions, prerequisites, or course codes"
NPUA-0035,National Polytechnic University of Armenia,Information Technologies,Information Technologies,,Bachelor,,Ցանցային տեխնոլոգիաների կառավարում և կարգաբերում,,5,,,,,,,2025/2026,https://polytech.am/edu/information_technologies-2/,Armenian,"npua_scrape: captured from public course list page; limited_metadata: source exposed course titles and credits only; no descriptions, prerequisites, or course codes"
NPUA-0036,National Polytechnic University of Armenia,Information Technologies,Information Technologies,,Bachelor,,ՏՏ ռեսուրսների պլանավորում,,4,,,,,,,2025/2026,https://polytech.am/edu/information_technologies-2/,Armenian,"npua_scrape: captured from public course list page; limited_metadata: source exposed course titles and credits only; no descriptions, prerequisites, or course codes"
NPUA-0037,National Polytechnic University of Armenia,Information Technologies,Information Technologies,,Bachelor,,Պլատֆորմային Տեխնոլոգիաներ,,4,,,,,,,2025/2026,https://polytech.am/edu/information_technologies-2/,Armenian,"npua_scrape: captured from public course list page; limited_metadata: source exposed course titles and credits only; no descriptions, prerequisites, or course codes"
NPUA-0038,National Polytechnic University of Armenia,Information Technologies,Information Technologies,,Bachelor,,Օպերացիոն համակարգերի կարգաբերում և օգտագործում,,5,,,,,,,2025/2026,https://polytech.am/edu/information_technologies-2/,Armenian,"npua_scrape: captured from public course list page; limited_metadata: source exposed course titles and credits only; no descriptions, prerequisites, or course codes"
NPUA-0039,National Polytechnic University of Armenia,Information Technologies,Information Technologies,,Bachelor,,Մուլտիմեդիա տեխնոլոգիաներ,,5,,,,,,,2025/2026,https://polytech.am/edu/information_technologies-2/,Armenian,"npua_scrape: captured from public course list page; limited_metadata: source exposed course titles and credits only; no descriptions, prerequisites, or course codes"
NPUA-0040,National Polytechnic University of Armenia,Information Technologies,Information Technologies,,Bachelor,,Տեխնիկական աջակցություն,,3,,,,,,,2025/2026,https://polytech.am/edu/information_technologies-2/,Armenian,"npua_scrape: captured from public course list page; limited_metadata: source exposed course titles and credits only; no descriptions, prerequisites, or course codes"
NPUA-0041,National Polytechnic University of Armenia,Information Technologies,Information Technologies,,Bachelor,,"Անվտանգություն ներդրում, Կառավարում",,6,,,,,,,2025/2026,https://polytech.am/edu/information_technologies-2/,Armenian,"npua_scrape: captured from public course list page; limited_metadata: source exposed course titles and credits only; no descriptions, prerequisites, or course codes"
NPUA-0042,National Polytechnic University of Armenia,Information Technologies,Information Technologies,,Bachelor,,SEO -որոնման համակարգի Օպտիմալացում,,5,,,,,,,2025/2026,https://polytech.am/edu/information_technologies-2/,Armenian,"npua_scrape: captured from public course list page; limited_metadata: source exposed course titles and credits only; no descriptions, prerequisites, or course codes"
NPUA-0043,National Polytechnic University of Armenia,Information Technologies,Information Technologies,,Bachelor,,WEB տեխնոլոգիաներ,,6,,,,,,,2025/2026,https://polytech.am/edu/information_technologies-2/,Armenian,"npua_scrape: captured from public course list page; limited_metadata: source exposed course titles and credits only; no descriptions, prerequisites, or course codes"
NPUA-0044,National Polytechnic University of Armenia,Information Technologies,Information Technologies,,Bachelor,,Մոբայլ տեխնոլոգիաներ,,6,,,,,,,2025/2026,https://polytech.am/edu/information_technologies-2/,Armenian,"npua_scrape: captured from public course list page; limited_metadata: source exposed course titles and credits only; no descriptions, prerequisites, or course codes"
NPUA-0045,National Polytechnic University of Armenia,Information Technologies,Information Technologies,,Bachelor,,Ինտեգրման միջոցով համակարգերի մշակում,,5,,,,,,,2025/2026,https://polytech.am/edu/information_technologies-2/,Armenian,"npua_scrape: captured from public course list page; limited_metadata: source exposed course titles and credits only; no descriptions, prerequisites, or course codes"
NPUA-0046,National Polytechnic University of Armenia,Information Technologies,Information Technologies,,Bachelor,,Համակարգերի կառավարում,,6,,,,,,,2025/2026,https://polytech.am/edu/information_technologies-2/,Armenian,"npua_scrape: captured from public course list page; limited_metadata: source exposed course titles and credits only; no descriptions, prerequisites, or course codes"
NPUA-0047,National Polytechnic University of Armenia,Information Technologies,Information Technologies,,Bachelor,,Տվյալների բազաների կառավարման համակարգեր,,6,,,,,,,2025/2026,https://polytech.am/edu/information_technologies-2/,Armenian,"npua_scrape: captured from public course list page; limited_metadata: source exposed course titles and credits only; no descriptions, prerequisites, or course codes"
NPUA-0048,National Polytechnic University of Armenia,Computer Engineering,Computer Engineering,,Bachelor,,Հաշվողական համակարգերի թվաբանական և տրամաբանական հիմունքներ,,4,,,,,,,2025/2026,https://polytech.am/edu/computer-engineering/,Armenian,"npua_scrape: captured from public course list page; limited_metadata: source exposed course titles and credits only; no descriptions, prerequisites, or course codes"
NPUA-0049,National Polytechnic University of Armenia,Computer Engineering,Computer Engineering,,Bachelor,,Թվային սխեմաների նախագծման հիմունքներ,,3,,,,,,,2025/2026,https://polytech.am/edu/computer-engineering/,Armenian,"npua_scrape: captured from public course list page; limited_metadata: source exposed course titles and credits only; no descriptions, prerequisites, or course codes"
NPUA-0050,National Polytechnic University of Armenia,Computer Engineering,Computer Engineering,,Bachelor,,Համակարգչային սխեմատեխնիկա,,6,,,,,,,2025/2026,https://polytech.am/edu/computer-engineering/,Armenian,"npua_scrape: captured from public course list page; limited_metadata: source exposed course titles and credits only; no descriptions, prerequisites, or course codes"
NPUA-0051,National Polytechnic University of Armenia,Computer Engineering,Computer Engineering,,Bachelor,,Թվային համակարգերի նախագծում,,6,,,,,,,2025/2026,https://polytech.am/edu/computer-engineering/,Armenian,"npua_scrape: captured from public course list page; limited_metadata: source exposed course titles and credits only; no descriptions, prerequisites, or course codes"
NPUA-0052,National Polytechnic University of Armenia,Computer Engineering,Computer Engineering,,Bachelor,,Քոմփյութերների կազմակերպում,,1,,,,,,,2025/2026,https://polytech.am/edu/computer-engineering/,Armenian,"npua_scrape: captured from public course list page; limited_metadata: source exposed course titles and credits only; no descriptions, prerequisites, or course codes"
NPUA-0053,National Polytechnic University of Armenia,Computer Engineering,Computer Engineering,,Bachelor,,Հաշվողական համակարգերի Ճարտարապետություն,,7,,,,,,,2025/2026,https://polytech.am/edu/computer-engineering/,Armenian,"npua_scrape: captured from public course list page; limited_metadata: source exposed course titles and credits only; no descriptions, prerequisites, or course codes"
NPUA-0054,National Polytechnic University of Armenia,Computer Engineering,Computer Engineering,,Bachelor,,Հաշվողական համակարգերի արատորոշում,,6,,,,,,,2025/2026,https://polytech.am/edu/computer-engineering/,Armenian,"npua_scrape: captured from public course list page; limited_metadata: source exposed course titles and credits only; no descriptions, prerequisites, or course codes"
NPUA-0055,National Polytechnic University of Armenia,Computer Engineering,Computer Engineering,,Bachelor,,Համակարգչային ցանցերի հիմունքներ,,4,,,,,,,2025/2026,https://polytech.am/edu/computer-engineering/,Armenian,"npua_scrape: captured from public course list page; limited_metadata: source exposed course titles and credits only; no descriptions, prerequisites, or course codes"
NPUA-0056,National Polytechnic University of Armenia,Computer Engineering,Computer Engineering,,Bachelor,,Համակարգչային ինտեգրալ սխեմաներ,,4,,,,,,,2025/2026,https://polytech.am/edu/computer-engineering/,Armenian,"npua_scrape: captured from public course list page; limited_metadata: source exposed course titles and credits only; no descriptions, prerequisites, or course codes"
NPUA-0057,National Polytechnic University of Armenia,Computer Engineering,Computer Engineering,,Bachelor,,Համակարգչային ցանցերի կազմակերպում,,6,,,,,,,2025/2026,https://polytech.am/edu/computer-engineering/,Armenian,"npua_scrape: captured from public course list page; limited_metadata: source exposed course titles and credits only; no descriptions, prerequisites, or course codes"
NPUA-0058,National Polytechnic University of Armenia,Computer Engineering,Computer Engineering,,Bachelor,,Ցանցային օպերացիոն համակարգեր,,3,,,,,,,2025/2026,https://polytech.am/edu/computer-engineering/,Armenian,"npua_scrape: captured from public course list page; limited_metadata: source exposed course titles and credits only; no descriptions, prerequisites, or course codes"
NPUA-0059,National Polytechnic University of Armenia,Computer Engineering,Computer Engineering,,Bachelor,,Միկրոպրոցեսորային համակարգեր,,5,,,,,,,2025/2026,https://polytech.am/edu/computer-engineering/,Armenian,"npua_scrape: captured from public course list page; limited_metadata: source exposed course titles and credits only; no descriptions, prerequisites, or course codes"
NPUA-0060,National Polytechnic University of Armenia,Computer Engineering,Computer Engineering,,Bachelor,,Համակարգչային մասնագիտացված սխեմաներ,,4,,,,,,,2025/2026,https://polytech.am/edu/computer-engineering/,Armenian,"npua_scrape: captured from public course list page; limited_metadata: source exposed course titles and credits only; no descriptions, prerequisites, or course codes"
NPUA-0061,National Polytechnic University of Armenia,Computer Engineering,Computer Engineering,,Bachelor,,Ծրագրավորվող սարքերով հաշվողական համակարգերի նախագծում,,4,,,,,,,2025/2026,https://polytech.am/edu/computer-engineering/,Armenian,"npua_scrape: captured from public course list page; limited_metadata: source exposed course titles and credits only; no descriptions, prerequisites, or course codes"
NPUA-0062,National Polytechnic University of Armenia,Computer Engineering,Computer Engineering,,Bachelor,,Տեղեկատվության պահպանման և ցանցային շրջանառման տեխնոլոգիաներ,,5,,,,,,,2025/2026,https://polytech.am/edu/computer-engineering/,Armenian,"npua_scrape: captured from public course list page; limited_metadata: source exposed course titles and credits only; no descriptions, prerequisites, or course codes"
NPUA-0063,National Polytechnic University of Armenia,Computer Engineering,Computer Engineering,,Bachelor,,Համակարգչային ցանցերի մասնագիտացված օպերացիոն համակարգեր,,6,,,,,,,2025/2026,https://polytech.am/edu/computer-engineering/,Armenian,"npua_scrape: captured from public course list page; limited_metadata: source exposed course titles and credits only; no descriptions, prerequisites, or course codes"
NPUA-0064,National Polytechnic University of Armenia,Computer Engineering,Computer Engineering,,Bachelor,,Էլեկտրոնային կառավարման ցանցային Համակարգեր,,6,,,,,,,2025/2026,https://polytech.am/edu/computer-engineering/,Armenian,"npua_scrape: captured from public course list page; limited_metadata: source exposed course titles and credits only; no descriptions, prerequisites, or course codes"
NPUA-0065,National Polytechnic University of Armenia,Computer Engineering,Computer Engineering,,Bachelor,,Համակարգչային ցանցերի պաշտպանության ապարատածրագրային միջոցներ,,5,,,,,,,2025/2026,https://polytech.am/edu/computer-engineering/,Armenian,"npua_scrape: captured from public course list page; limited_metadata: source exposed course titles and credits only; no descriptions, prerequisites, or course codes"
NPUA-0066,National Polytechnic University of Armenia,Computer Engineering,Computer Engineering,,Bachelor,,Բազմապրոցեսորային համակարգեր,,5,,,,,,,2025/2026,https://polytech.am/edu/computer-engineering/,Armenian,"npua_scrape: captured from public course list page; limited_metadata: source exposed course titles and credits only; no descriptions, prerequisites, or course codes"
NPUA-0067,National Polytechnic University of Armenia,Computer Engineering,Computer Engineering,,Bachelor,,Համակարգիչների սնուցման երկրորդական աղբյուրների կազմակերպում,,4,,,,,,,2025/2026,https://polytech.am/edu/computer-engineering/,Armenian,"npua_scrape: captured from public course list page; limited_metadata: source exposed course titles and credits only; no descriptions, prerequisites, or course codes"
NPUA-0068,National Polytechnic University of Armenia,Computer Engineering,Computer Engineering,,Bachelor,,Համակարգչային ցանցերի կառավարում և շահագործում,,5,,,,,,,2025/2026,https://polytech.am/edu/computer-engineering/,Armenian,"npua_scrape: captured from public course list page; limited_metadata: source exposed course titles and credits only; no descriptions, prerequisites, or course codes"
NPUA-0069,National Polytechnic University of Armenia,Information Security,Information Security,,Bachelor,,Ինֆորմատիկայի մաթեմատիկական Հիմունքներ,,4,,,,,,,2025/2026,https://polytech.am/edu/information_security/,Armenian,"npua_scrape: captured from public course list page; limited_metadata: source exposed course titles and credits only; no descriptions, prerequisites, or course codes"
NPUA-0070,National Polytechnic University of Armenia,Information Security,Information Security,,Bachelor,,Ավտոմատների կիրառական տեսություն,,5,,,,,,,2025/2026,https://polytech.am/edu/information_security/,Armenian,"npua_scrape: captured from public course list page; limited_metadata: source exposed course titles and credits only; no descriptions, prerequisites, or course codes"
NPUA-0071,National Polytechnic University of Armenia,Information Security,Information Security,,Bachelor,,Թվերի տեսություն,,3,,,,,,,2025/2026,https://polytech.am/edu/information_security/,Armenian,"npua_scrape: captured from public course list page; limited_metadata: source exposed course titles and credits only; no descriptions, prerequisites, or course codes"
NPUA-0072,National Polytechnic University of Armenia,Information Security,Information Security,,Bachelor,,Հաշվողական համակարգերի ծրագրային ապահովում և ճարտարապետություն,,7,,,,,,,2025/2026,https://polytech.am/edu/information_security/,Armenian,"npua_scrape: captured from public course list page; limited_metadata: source exposed course titles and credits only; no descriptions, prerequisites, or course codes"
NPUA-0073,National Polytechnic University of Armenia,Information Security,Information Security,,Bachelor,,Համակարգային ծրագրավորում,,5,,,,,,,2025/2026,https://polytech.am/edu/information_security/,Armenian,"npua_scrape: captured from public course list page; limited_metadata: source exposed course titles and credits only; no descriptions, prerequisites, or course codes"
NPUA-0074,National Polytechnic University of Armenia,Information Security,Information Security,,Bachelor,,Օպերացիոն համակարգեր,,8,,,,,,,2025/2026,https://polytech.am/edu/information_security/,Armenian,"npua_scrape: captured from public course list page; limited_metadata: source exposed course titles and credits only; no descriptions, prerequisites, or course codes"
NPUA-0075,National Polytechnic University of Armenia,Information Security,Information Security,,Bachelor,,Տեղեկատվության գաղտնագրային և թաքնագրային պաշտպանություն,,13,,,,,,,2025/2026,https://polytech.am/edu/information_security/,Armenian,"npua_scrape: captured from public course list page; limited_metadata: source exposed course titles and credits only; no descriptions, prerequisites, or course codes"
NPUA-0076,National Polytechnic University of Armenia,Information Security,Information Security,,Bachelor,,Տվյալների բազաների նախագծման տեխնոլագիաներ և պաշտպանություն,,5,,,,,,,2025/2026,https://polytech.am/edu/information_security/,Armenian,"npua_scrape: captured from public course list page; limited_metadata: source exposed course titles and credits only; no descriptions, prerequisites, or course codes"
NPUA-0077,National Polytechnic University of Armenia,Information Security,Information Security,,Bachelor,,Քոմփյութերային ցանցերի կազմակերպում և պաշտպանություն,,8,,,,,,,2025/2026,https://polytech.am/edu/information_security/,Armenian,"npua_scrape: captured from public course list page; limited_metadata: source exposed course titles and credits only; no descriptions, prerequisites, or course codes"
NPUA-0078,National Polytechnic University of Armenia,Information Security,Information Security,,Bachelor,,Ծրագրավորման տեխնոլոգիա,,10,,,,,,,2025/2026,https://polytech.am/edu/information_security/,Armenian,"npua_scrape: captured from public course list page; limited_metadata: source exposed course titles and credits only; no descriptions, prerequisites, or course codes"
NPUA-0079,National Polytechnic University of Armenia,Information Security,Information Security,,Bachelor,,Հաշվողական համակարգերի հակավիրուսային պաշտպանություն,,5,,,,,,,2025/2026,https://polytech.am/edu/information_security/,Armenian,"npua_scrape: captured from public course list page; limited_metadata: source exposed course titles and credits only; no descriptions, prerequisites, or course codes"
NPUA-0080,National Polytechnic University of Armenia,Information Security,Information Security,,Bachelor,,Օբյեկտ-կողմնորոշված և կոմպոնենտային ծրագրավորում,,5,,,,,,,2025/2026,https://polytech.am/edu/information_security/,Armenian,"npua_scrape: captured from public course list page; limited_metadata: source exposed course titles and credits only; no descriptions, prerequisites, or course codes"
NPUA-0081,National Polytechnic University of Armenia,Information Security,Information Security,,Bachelor,,Տվյալների պաշտպանությունը չարտոված մուտքերից,,6,,,,,,,2025/2026,https://polytech.am/edu/information_security/,Armenian,"npua_scrape: captured from public course list page; limited_metadata: source exposed course titles and credits only; no descriptions, prerequisites, or course codes"
NPUA-0082,National Polytechnic University of Armenia,Information Security,Information Security,,Bachelor,,Ցանցային կիրառությունների ծրագրային ապահովում,,4,,,,,,,2025/2026,https://polytech.am/edu/information_security/,Armenian,"npua_scrape: captured from public course list page; limited_metadata: source exposed course titles and credits only; no descriptions, prerequisites, or course codes"
NPUA-0083,National Polytechnic University of Armenia,Information Security,Information Security,,Bachelor,,Ծրագրերի թեստավորում,,5,,,,,,,2025/2026,https://polytech.am/edu/information_security/,Armenian,"npua_scrape: captured from public course list page; limited_metadata: source exposed course titles and credits only; no descriptions, prerequisites, or course codes"
NPUA-0084,National Polytechnic University of Armenia,Information Security,Information Security,,Bachelor,,Տեղեկատվական անվտանգության ռիսկերի կառավարում,,6,,,,,,,2025/2026,https://polytech.am/edu/information_security/,Armenian,"npua_scrape: captured from public course list page; limited_metadata: source exposed course titles and credits only; no descriptions, prerequisites, or course codes"
NPUA-0085,National Polytechnic University of Armenia,Information Systems,Information Systems,,Bachelor,,Կառավարման տեղեկատվական համակարգեր,,1,,,,,,,2025/2026,https://polytech.am/edu/information_systems/,Armenian,"npua_scrape: captured from public course list page; limited_metadata: source exposed course titles and credits only; no descriptions, prerequisites, or course codes"
NPUA-0086,National Polytechnic University of Armenia,Information Systems,Information Systems,,Bachelor,,Հաշվողական մեթոդների կիրառական տեսություն,,11,,,,,,,2025/2026,https://polytech.am/edu/information_systems/,Armenian,"npua_scrape: captured from public course list page; limited_metadata: source exposed course titles and credits only; no descriptions, prerequisites, or course codes"
NPUA-0087,National Polytechnic University of Armenia,Information Systems,Information Systems,,Bachelor,,Ինֆորմացիայի կիրառական տեսություն,,3,,,,,,,2025/2026,https://polytech.am/edu/information_systems/,Armenian,"npua_scrape: captured from public course list page; limited_metadata: source exposed course titles and credits only; no descriptions, prerequisites, or course codes"
NPUA-0088,National Polytechnic University of Armenia,Information Systems,Information Systems,,Bachelor,,Բաշխված տեղեկատվական համակարգեր,,5,,,,,,,2025/2026,https://polytech.am/edu/information_systems/,Armenian,"npua_scrape: captured from public course list page; limited_metadata: source exposed course titles and credits only; no descriptions, prerequisites, or course codes"
NPUA-0089,National Polytechnic University of Armenia,Information Systems,Information Systems,,Bachelor,,Տեղեկատվական համակարգերի գործառույթների օպտիմալացում,,3,,,,,,,2025/2026,https://polytech.am/edu/information_systems/,Armenian,"npua_scrape: captured from public course list page; limited_metadata: source exposed course titles and credits only; no descriptions, prerequisites, or course codes"
NPUA-0090,National Polytechnic University of Armenia,Information Systems,Information Systems,,Bachelor,,Համակարգային վերլուծություն և գոր- ծողությունների հետազոտում,,13,,,,,,,2025/2026,https://polytech.am/edu/information_systems/,Armenian,"npua_scrape: captured from public course list page; limited_metadata: source exposed course titles and credits only; no descriptions, prerequisites, or course codes"
NPUA-0091,National Polytechnic University of Armenia,Information Systems,Information Systems,,Bachelor,,Համակարգերի մոդելավորում,,13,,,,,,,2025/2026,https://polytech.am/edu/information_systems/,Armenian,"npua_scrape: captured from public course list page; limited_metadata: source exposed course titles and credits only; no descriptions, prerequisites, or course codes"
NPUA-0092,National Polytechnic University of Armenia,Information Systems,Information Systems,,Bachelor,,Արհեստական բանականություն և մեքենայական ուսուցում,,6,,,,,,,2025/2026,https://polytech.am/edu/information_systems/,Armenian,"npua_scrape: captured from public course list page; limited_metadata: source exposed course titles and credits only; no descriptions, prerequisites, or course codes"
NPUA-0093,National Polytechnic University of Armenia,Information Systems,Information Systems,,Bachelor,,Վճիռների կայացման մեթոդներ և Սցենարներ,,6,,,,,,,2025/2026,https://polytech.am/edu/information_systems/,Armenian,"npua_scrape: captured from public course list page; limited_metadata: source exposed course titles and credits only; no descriptions, prerequisites, or course codes"
NPUA-0094,National Polytechnic University of Armenia,Information Systems,Information Systems,,Bachelor,,Տվյալների բազաների կառավարման համակարգեր,,5,,,,,,,2025/2026,https://polytech.am/edu/information_systems/,Armenian,"npua_scrape: captured from public course list page; limited_metadata: source exposed course titles and credits only; no descriptions, prerequisites, or course codes"
NPUA-0095,National Polytechnic University of Armenia,Information Systems,Information Systems,,Bachelor,,Մեծածավալ տվյալներ,,5,,,,,,,2025/2026,https://polytech.am/edu/information_systems/,Armenian,"npua_scrape: captured from public course list page; limited_metadata: source exposed course titles and credits only; no descriptions, prerequisites, or course codes"
NPUA-0096,National Polytechnic University of Armenia,Information Systems,Information Systems,,Bachelor,,Բանկային գործի և դրամաշրջանառության օպտիմալացում և ավտոմատացում,,6,,,,,,,2025/2026,https://polytech.am/edu/information_systems/,Armenian,"npua_scrape: captured from public course list page; limited_metadata: source exposed course titles and credits only; no descriptions, prerequisites, or course codes"
NPUA-0097,National Polytechnic University of Armenia,Information Systems,Information Systems,,Bachelor,,Բանկերի ավտոմատացված կառավարում,,5,,,,,,,2025/2026,https://polytech.am/edu/information_systems/,Armenian,"npua_scrape: captured from public course list page; limited_metadata: source exposed course titles and credits only; no descriptions, prerequisites, or course codes"
NPUA-0098,National Polytechnic University of Armenia,Information Systems,Information Systems,,Bachelor,,Ֆինանսաբանկային ավտոմատացված կառավարման համակարգերի նախագծում,,9,,,,,,,2025/2026,https://polytech.am/edu/information_systems/,Armenian,"npua_scrape: captured from public course list page; limited_metadata: source exposed course titles and credits only; no descriptions, prerequisites, or course codes"
NPUA-0099,National Polytechnic University of Armenia,Information Systems,Information Systems,,Bachelor,,Ավտոմատացված հաշվապահական Համակարգեր,,4,,,,,,,2025/2026,https://polytech.am/edu/information_systems/,Armenian,"npua_scrape: captured from public course list page; limited_metadata: source exposed course titles and credits only; no descriptions, prerequisites, or course codes"
NPUA-0100,National Polytechnic University of Armenia,Information Systems,Information Systems,,Bachelor,,Բանկային մարքեթինգի ավտոմա- տացված համակարգեր,,6,,,,,,,2025/2026,https://polytech.am/edu/information_systems/,Armenian,"npua_scrape: captured from public course list page; limited_metadata: source exposed course titles and credits only; no descriptions, prerequisites, or course codes"
NPUA-0101,National Polytechnic University of Armenia,Information Systems,Information Systems,,Bachelor,,"Բիզնես գործառույթների կառավարում, էլեկտրոնային կառավարում",,7,,,,,,,2025/2026,https://polytech.am/edu/information_systems/,Armenian,"npua_scrape: captured from public course list page; limited_metadata: source exposed course titles and credits only; no descriptions, prerequisites, or course codes"
NPUA-0102,National Polytechnic University of Armenia,Information Systems,Information Systems,,Bachelor,,"Ֆինանսական, ինվեստիցիոն, ստրատեգիական, համեմատական մենեջմենթի ավտոմատացված համակարգեր",,4,,,,,,,2025/2026,https://polytech.am/edu/information_systems/,Armenian,"npua_scrape: captured from public course list page; limited_metadata: source exposed course titles and credits only; no descriptions, prerequisites, or course codes"
NPUA-0103,National Polytechnic University of Armenia,Information Systems,Information Systems,,Bachelor,,Էլեկտրոնային բիզնես և առևտուր,,10,,,,,,,2025/2026,https://polytech.am/edu/information_systems/,Armenian,"npua_scrape: captured from public course list page; limited_metadata: source exposed course titles and credits only; no descriptions, prerequisites, or course codes"
NPUA-0104,National Polytechnic University of Armenia,Information Systems,Information Systems,,Bachelor,,Ինֆորմացիոն ցանցերի վարչարա րություն,,9,,,,,,,2025/2026,https://polytech.am/edu/information_systems/,Armenian,"npua_scrape: captured from public course list page; limited_metadata: source exposed course titles and credits only; no descriptions, prerequisites, or course codes"
NPUA-0105,National Polytechnic University of Armenia,Information Systems,Information Systems,,Bachelor,,Կազմակերպչական կառավարման համակարգերի ինֆորմացիոն և ծրագրային ապահովում,,7,,,,,,,2025/2026,https://polytech.am/edu/information_systems/,Armenian,"npua_scrape: captured from public course list page; limited_metadata: source exposed course titles and credits only; no descriptions, prerequisites, or course codes"
NPUA-0106,National Polytechnic University of Armenia,Information Systems,Information Systems,,Bachelor,,Ինֆորմացիոն մշակման և կառավարման ավտոմատացված համակարգերի հիմունքներ և նախագծում,,8,,,,,,,2025/2026,https://polytech.am/edu/information_systems/,Armenian,"npua_scrape: captured from public course list page; limited_metadata: source exposed course titles and credits only; no descriptions, prerequisites, or course codes"
NPUA-0107,National Polytechnic University of Armenia,Information Systems,Information Systems,,Bachelor,,Համակարգային վերլու ծության մեթոդների կիրառումը ԿԿՀ-ում,,8,,,,,,,2025/2026,https://polytech.am/edu/information_systems/,Armenian,"npua_scrape: captured from public course list page; limited_metadata: source exposed course titles and credits only; no descriptions, prerequisites, or course codes"
NPUA-0108,National Polytechnic University of Armenia,Information Systems,Information Systems,,Bachelor,,Ավտոմատացված համակարգերի հուսալիություն,,7,,,,,,,2025/2026,https://polytech.am/edu/information_systems/,Armenian,"npua_scrape: captured from public course list page; limited_metadata: source exposed course titles and credits only; no descriptions, prerequisites, or course codes"
NPUA-0109,National Polytechnic University of Armenia,Information Systems,Information Systems,,Bachelor,,Տեղեկատվության մշակման և կառավարման իրական ժամանակի համակարգեր,,7,,,,,,,2025/2026,https://polytech.am/edu/information_systems/,Armenian,"npua_scrape: captured from public course list page; limited_metadata: source exposed course titles and credits only; no descriptions, prerequisites, or course codes"
NPUA-0110,National Polytechnic University of Armenia,Information Systems,Information Systems,,Bachelor,,Տեղեկատվության մշակման և կառավարման ինտեգրված համակարգեր,,8,,,,,,,2025/2026,https://polytech.am/edu/information_systems/,Armenian,"npua_scrape: captured from public course list page; limited_metadata: source exposed course titles and credits only; no descriptions, prerequisites, or course codes"
NPUA-0111,National Polytechnic University of Armenia,Information Systems,Information Systems,,Bachelor,,Տեղեկատվության մշակման և կառավարման բաշխված համակարգեր,,8,,,,,,,2025/2026,https://polytech.am/edu/information_systems/,Armenian,"npua_scrape: captured from public course list page; limited_metadata: source exposed course titles and credits only; no descriptions, prerequisites, or course codes"
NPUA-0112,National Polytechnic University of Armenia,Information Systems,Information Systems,,Bachelor,,Տեխնոլոգիական գործընթացների կառավարման համակարգերի հուսալիություն,,7,,,,,,,2025/2026,https://polytech.am/edu/information_systems/,Armenian,"npua_scrape: captured from public course list page; limited_metadata: source exposed course titles and credits only; no descriptions, prerequisites, or course codes"
NPUA-0113,National Polytechnic University of Armenia,Informatics (Computer Science),Informatics (Computer Science),,Master,,Ընդհանուր հանրահաշիվ,,5,,,,,,,2025/2026,https://polytech.am/edu/master-informatics-computer-science/,Armenian,"npua_scrape: captured from public course list page; limited_metadata: source exposed course titles and credits only; no descriptions, prerequisites, or course codes"
NPUA-0114,National Polytechnic University of Armenia,Informatics (Computer Science),Informatics (Computer Science),,Master,,Հարմոնիկ անալիզ,,5,,,,,,,2025/2026,https://polytech.am/edu/master-informatics-computer-science/,Armenian,"npua_scrape: captured from public course list page; limited_metadata: source exposed course titles and credits only; no descriptions, prerequisites, or course codes"
NPUA-0115,National Polytechnic University of Armenia,Informatics (Computer Science),Informatics (Computer Science),,Master,,Դիֆերենցիալ հավասարումների լուծման թվային մեթոդներ,,3,,,,,,,2025/2026,https://polytech.am/edu/master-informatics-computer-science/,Armenian,"npua_scrape: captured from public course list page; limited_metadata: source exposed course titles and credits only; no descriptions, prerequisites, or course codes"
NPUA-0116,National Polytechnic University of Armenia,Informatics (Computer Science),Informatics (Computer Science),,Master,,Մաթ.ֆիզ. հավասարումների լրացուցիչ բաժիններ,,5,,,,,,,2025/2026,https://polytech.am/edu/master-informatics-computer-science/,Armenian,"npua_scrape: captured from public course list page; limited_metadata: source exposed course titles and credits only; no descriptions, prerequisites, or course codes"
NPUA-0117,National Polytechnic University of Armenia,Informatics (Computer Science),Informatics (Computer Science),,Master,,Կոմպլեքս անալիզի լրացուցիչ բաժիններ,,4,,,,,,,2025/2026,https://polytech.am/edu/master-informatics-computer-science/,Armenian,"npua_scrape: captured from public course list page; limited_metadata: source exposed course titles and credits only; no descriptions, prerequisites, or course codes"
NPUA-0118,National Polytechnic University of Armenia,Informatics (Computer Science),Informatics (Computer Science),,Master,,Ալգորիթմների բարդություն,,3,,,,,,,2025/2026,https://polytech.am/edu/master-informatics-computer-science/,Armenian,"npua_scrape: captured from public course list page; limited_metadata: source exposed course titles and credits only; no descriptions, prerequisites, or course codes"
NPUA-0119,National Polytechnic University of Armenia,Informatics (Computer Science),Informatics (Computer Science),,Master,,Ազդանշանների մշակման մաթեմատիկական հիմունքներ,,4,,,,,,,2025/2026,https://polytech.am/edu/master-informatics-computer-science/,Armenian,"npua_scrape: captured from public course list page; limited_metadata: source exposed course titles and credits only; no descriptions, prerequisites, or course codes"
NPUA-0120,National Polytechnic University of Armenia,Informatics (Computer Science),Informatics (Computer Science),,Master,,Դիսկրետ մաթեմատիկայի լրացուցիչ բաժիններ,,,,,,,,,2025/2026,https://polytech.am/edu/master-informatics-computer-science/,Armenian,"npua_scrape: captured from public course list page; limited_metadata: source exposed course titles and credits only; no descriptions, prerequisites, or course codes; missing_credits: credit value absent on source page"
NPUA-0121,National Polytechnic University of Armenia,Informatics (Computer Science),Informatics (Computer Science),,Master,,MATLAB ծրագրային փաթեթ 2,,,,,,,,,2025/2026,https://polytech.am/edu/master-informatics-computer-science/,Armenian,"npua_scrape: captured from public course list page; limited_metadata: source exposed course titles and credits only; no descriptions, prerequisites, or course codes; missing_credits: credit value absent on source page"
NPUA-0122,National Polytechnic University of Armenia,Informatics (Computer Science),Informatics (Computer Science),,Master,,Ստացիոնար պատահական պրոցեսների վիճակագրություն և գուշակում,,,,,,,,,2025/2026,https://polytech.am/edu/master-informatics-computer-science/,Armenian,"npua_scrape: captured from public course list page; limited_metadata: source exposed course titles and credits only; no descriptions, prerequisites, or course codes; missing_credits: credit value absent on source page"
NPUA-0123,National Polytechnic University of Armenia,Informatics (Computer Science),Informatics (Computer Science),,Master,,Եզրային խնդիրներ մասնական ածանցյալներով դիֆերենցիալ հավասարումների համար,,,,,,,,,2025/2026,https://polytech.am/edu/master-informatics-computer-science/,Armenian,"npua_scrape: captured from public course list page; limited_metadata: source exposed course titles and credits only; no descriptions, prerequisites, or course codes; missing_credits: credit value absent on source page"
NPUA-0124,National Polytechnic University of Armenia,Informatics (Computer Science),Informatics (Computer Science),,Master,,Դիսկրետ ձևափոխությունների կիրառություններ ազդանշանների թվային մշակման համար,,,,,,,,,2025/2026,https://polytech.am/edu/master-informatics-computer-science/,Armenian,"npua_scrape: captured from public course list page; limited_metadata: source exposed course titles and credits only; no descriptions, prerequisites, or course codes; missing_credits: credit value absent on source page"
NPUA-0125,National Polytechnic University of Armenia,Informatics (Computer Science),Informatics (Computer Science),,Master,,Ինֆորմացիայի տեսություն,,,,,,,,,2025/2026,https://polytech.am/edu/master-informatics-computer-science/,Armenian,"npua_scrape: captured from public course list page; limited_metadata: source exposed course titles and credits only; no descriptions, prerequisites, or course codes; missing_credits: credit value absent on source page"
NPUA-0126,National Polytechnic University of Armenia,Informatics (Computer Science),Informatics (Computer Science),,Master,,Կորերի և մակերևույթների երկրաչափություն,,,,,,,,,2025/2026,https://polytech.am/edu/master-informatics-computer-science/,Armenian,"npua_scrape: captured from public course list page; limited_metadata: source exposed course titles and credits only; no descriptions, prerequisites, or course codes; missing_credits: credit value absent on source page"
NPUA-0127,National Polytechnic University of Armenia,Computer Engineering,Computer Engineering,,Master,,Ցանցային համակարգերի պաշտպանություն և անվտանգություն,,5,,,,,,,2025/2026,https://polytech.am/edu/master_computer_engineering/,Armenian,"npua_scrape: captured from public course list page; limited_metadata: source exposed course titles and credits only; no descriptions, prerequisites, or course codes"
NPUA-0128,National Polytechnic University of Armenia,Computer Engineering,Computer Engineering,,Master,,Համակարգչային ցանցերի նախագծում և իրականացում,,5,,,,,,,2025/2026,https://polytech.am/edu/master_computer_engineering/,Armenian,"npua_scrape: captured from public course list page; limited_metadata: source exposed course titles and credits only; no descriptions, prerequisites, or course codes"
NPUA-0129,National Polytechnic University of Armenia,Computer Engineering,Computer Engineering,,Master,,Ժամանակակից ցանցային օպերացիոն համակարգերի համատեղելիության մեթոդներ և միջոցներ,,5,,,,,,,2025/2026,https://polytech.am/edu/master_computer_engineering/,Armenian,"npua_scrape: captured from public course list page; limited_metadata: source exposed course titles and credits only; no descriptions, prerequisites, or course codes"
NPUA-0130,National Polytechnic University of Armenia,Computer Engineering,Computer Engineering,,Master,,Ցանցային համակարգերի կառավարման մեթոդներ և միջոցներ,,5,,,,,,,2025/2026,https://polytech.am/edu/master_computer_engineering/,Armenian,"npua_scrape: captured from public course list page; limited_metadata: source exposed course titles and credits only; no descriptions, prerequisites, or course codes"
NPUA-0131,National Polytechnic University of Armenia,Computer Engineering,Computer Engineering,,Master,,Զուգահեռ համակարգչային ճարտարապետություններ,,5,,,,,,,2025/2026,https://polytech.am/edu/master_computer_engineering/,Armenian,"npua_scrape: captured from public course list page; limited_metadata: source exposed course titles and credits only; no descriptions, prerequisites, or course codes"
NPUA-0132,National Polytechnic University of Armenia,Computer Engineering,Computer Engineering,,Master,,Կլաստերային համակարգեր և գրիդ տեխնոլոգաներ,,4,,,,,,,2025/2026,https://polytech.am/edu/master_computer_engineering/,Armenian,"npua_scrape: captured from public course list page; limited_metadata: source exposed course titles and credits only; no descriptions, prerequisites, or course codes"
NPUA-0133,National Polytechnic University of Armenia,Computer Engineering,Computer Engineering,,Master,,Ժամանակակից պրոցեսորներում գաղտնագրման մեթոդների ապարատային իրականացում,,,,,,,,,2025/2026,https://polytech.am/edu/master_computer_engineering/,Armenian,"npua_scrape: captured from public course list page; limited_metadata: source exposed course titles and credits only; no descriptions, prerequisites, or course codes; missing_credits: credit value absent on source page"
NPUA-0134,National Polytechnic University of Armenia,Computer Engineering,Computer Engineering,,Master,,Հաշվողական համակարգերի և ցանցերի սերվերներ,,,,,,,,,2025/2026,https://polytech.am/edu/master_computer_engineering/,Armenian,"npua_scrape: captured from public course list page; limited_metadata: source exposed course titles and credits only; no descriptions, prerequisites, or course codes; missing_credits: credit value absent on source page"
NPUA-0135,National Polytechnic University of Armenia,Computer Engineering,Computer Engineering,,Master,,Հաշվողական համակարգերի թեստավորման ապարատածրագրային միջոցներ,,,,,,,,,2025/2026,https://polytech.am/edu/master_computer_engineering/,Armenian,"npua_scrape: captured from public course list page; limited_metadata: source exposed course titles and credits only; no descriptions, prerequisites, or course codes; missing_credits: credit value absent on source page"
NPUA-0136,National Polytechnic University of Armenia,Computer Engineering,Computer Engineering,,Master,,Նոր սերնդի ցանցային տեխնոլոգիաներ,,,,,,,,,2025/2026,https://polytech.am/edu/master_computer_engineering/,Armenian,"npua_scrape: captured from public course list page; limited_metadata: source exposed course titles and credits only; no descriptions, prerequisites, or course codes; missing_credits: credit value absent on source page"
NPUA-0137,National Polytechnic University of Armenia,Computer Engineering,Computer Engineering,,Master,,Հեռահաղորդակցական ցանցային սարքերի և սարքավորումների ընտրության գործիքամիջոցներ,,,,,,,,,2025/2026,https://polytech.am/edu/master_computer_engineering/,Armenian,"npua_scrape: captured from public course list page; limited_metadata: source exposed course titles and credits only; no descriptions, prerequisites, or course codes; missing_credits: credit value absent on source page"
NPUA-0138,National Polytechnic University of Armenia,Computer Engineering,Computer Engineering,,Master,,Նեյրոնային ցանցեր,,,,,,,,,2025/2026,https://polytech.am/edu/master_computer_engineering/,Armenian,"npua_scrape: captured from public course list page; limited_metadata: source exposed course titles and credits only; no descriptions, prerequisites, or course codes; missing_credits: credit value absent on source page"
NPUA-0139,National Polytechnic University of Armenia,Computer Engineering,Computer Engineering,,Master,,Հաշվողական համակարգերի արտաքին սարքեր,,,,,,,,,2025/2026,https://polytech.am/edu/master_computer_engineering/,Armenian,"npua_scrape: captured from public course list page; limited_metadata: source exposed course titles and credits only; no descriptions, prerequisites, or course codes; missing_credits: credit value absent on source page"
NPUA-0140,National Polytechnic University of Armenia,Computer Engineering,Computer Engineering,,Master,,Հաշվողական միջոցների ժամանակակից էլեմենտային բազա,,,,,,,,,2025/2026,https://polytech.am/edu/master_computer_engineering/,Armenian,"npua_scrape: captured from public course list page; limited_metadata: source exposed course titles and credits only; no descriptions, prerequisites, or course codes; missing_credits: credit value absent on source page"
NPUA-0141,National Polytechnic University of Armenia,Computer Engineering,Computer Engineering,,Master,,Հաշվողական համակարգերի և ցանցերի չափագրման գործիքամիջոցներ,,,,,,,,,2025/2026,https://polytech.am/edu/master_computer_engineering/,Armenian,"npua_scrape: captured from public course list page; limited_metadata: source exposed course titles and credits only; no descriptions, prerequisites, or course codes; missing_credits: credit value absent on source page"
NPUA-0142,National Polytechnic University of Armenia,Information Systems,Information Systems,,Master,,Համակարգային վերլուծություն և մաթեմատիկական մոդելավորում,,5,,,,,,,2025/2026,https://polytech.am/edu/master_information_systems/,Armenian,"npua_scrape: captured from public course list page; limited_metadata: source exposed course titles and credits only; no descriptions, prerequisites, or course codes"
NPUA-0143,National Polytechnic University of Armenia,Information Systems,Information Systems,,Master,,"Վճիռների կայացման տեսություն, նեյրոնային ցանցեր, գենետիկ ալգորիթմներ",,5,,,,,,,2025/2026,https://polytech.am/edu/master_information_systems/,Armenian,"npua_scrape: captured from public course list page; limited_metadata: source exposed course titles and credits only; no descriptions, prerequisites, or course codes"
NPUA-0144,National Polytechnic University of Armenia,Information Systems,Information Systems,,Master,,Տեղեկատվական համակարգերի նախագծում,,5,,,,,,,2025/2026,https://polytech.am/edu/master_information_systems/,Armenian,"npua_scrape: captured from public course list page; limited_metadata: source exposed course titles and credits only; no descriptions, prerequisites, or course codes"
NPUA-0145,National Polytechnic University of Armenia,Information Systems,Information Systems,,Master,,IT նախագծերի կառավարում,,5,,,,,,,2025/2026,https://polytech.am/edu/master_information_systems/,Armenian,"npua_scrape: captured from public course list page; limited_metadata: source exposed course titles and credits only; no descriptions, prerequisites, or course codes"
NPUA-0146,National Polytechnic University of Armenia,Information Systems,Information Systems,,Master,,Ծրագրային ճարտարագիտության մեթոդներ և միջոցներ,,5,,,,,,,2025/2026,https://polytech.am/edu/master_information_systems/,Armenian,"npua_scrape: captured from public course list page; limited_metadata: source exposed course titles and credits only; no descriptions, prerequisites, or course codes"
NPUA-0147,National Polytechnic University of Armenia,Information Systems,Information Systems,,Master,,Դիֆերենցիալ ձևափոխություններ,,4,,,,,,,2025/2026,https://polytech.am/edu/master_information_systems/,Armenian,"npua_scrape: captured from public course list page; limited_metadata: source exposed course titles and credits only; no descriptions, prerequisites, or course codes"
NPUA-0148,National Polytechnic University of Armenia,Information Systems,Information Systems,,Master,,Կորպորատիվ տեղեկատվական համակարգեր,,,,,,,,,2025/2026,https://polytech.am/edu/master_information_systems/,Armenian,"npua_scrape: captured from public course list page; limited_metadata: source exposed course titles and credits only; no descriptions, prerequisites, or course codes; missing_credits: credit value absent on source page"
NPUA-0149,National Polytechnic University of Armenia,Information Systems,Information Systems,,Master,,Ինտելեկտուալ տեղեկատվական համակարգեր,,,,,,,,,2025/2026,https://polytech.am/edu/master_information_systems/,Armenian,"npua_scrape: captured from public course list page; limited_metadata: source exposed course titles and credits only; no descriptions, prerequisites, or course codes; missing_credits: credit value absent on source page"
NPUA-0150,National Polytechnic University of Armenia,Information Systems,Information Systems,,Master,,Բիզնես մոդելավորում,,,,,,,,,2025/2026,https://polytech.am/edu/master_information_systems/,Armenian,"npua_scrape: captured from public course list page; limited_metadata: source exposed course titles and credits only; no descriptions, prerequisites, or course codes; missing_credits: credit value absent on source page"
NPUA-0151,National Polytechnic University of Armenia,Information Systems,Information Systems,,Master,,Սոցիալ տնտեսական համակարգերի վերլուծություն և բազմաագենտ մոդելավորում,,,,,,,,,2025/2026,https://polytech.am/edu/master_information_systems/,Armenian,"npua_scrape: captured from public course list page; limited_metadata: source exposed course titles and credits only; no descriptions, prerequisites, or course codes; missing_credits: credit value absent on source page"
NPUA-0152,National Polytechnic University of Armenia,Information Systems,Information Systems,,Master,,Տվյալների մշակման ալգորիթմների կառուցում և վերլուծություն,,,,,,,,,2025/2026,https://polytech.am/edu/master_information_systems/,Armenian,"npua_scrape: captured from public course list page; limited_metadata: source exposed course titles and credits only; no descriptions, prerequisites, or course codes; missing_credits: credit value absent on source page"
NPUA-0153,National Polytechnic University of Armenia,Information Systems,Information Systems,,Master,,Գրաֆիկական ինֆորմացիայի մշակման ծրագրասարքավորումային միջոցներ,,,,,,,,,2025/2026,https://polytech.am/edu/master_information_systems/,Armenian,"npua_scrape: captured from public course list page; limited_metadata: source exposed course titles and credits only; no descriptions, prerequisites, or course codes; missing_credits: credit value absent on source page"
NPUA-0154,National Polytechnic University of Armenia,Information Systems,Information Systems,,Master,,Ճարտարագիտական խնդիրների լուծման կիրառական ծրագրերի փաթեթներ,,,,,,,,,2025/2026,https://polytech.am/edu/master_information_systems/,Armenian,"npua_scrape: captured from public course list page; limited_metadata: source exposed course titles and credits only; no descriptions, prerequisites, or course codes; missing_credits: credit value absent on source page"
NPUA-0155,National Polytechnic University of Armenia,Information Systems,Information Systems,,Master,,Համակարգերի ինֆորմացիոն տեսություն,,,,,,,,,2025/2026,https://polytech.am/edu/master_information_systems/,Armenian,"npua_scrape: captured from public course list page; limited_metadata: source exposed course titles and credits only; no descriptions, prerequisites, or course codes; missing_credits: credit value absent on source page"
NPUA-0156,National Polytechnic University of Armenia,Information Systems,Information Systems,,Master,,Տեխնիկական փաստաթղթերի մշակման ժամանակակից տեխնոլոգիաներ,,,,,,,,,2025/2026,https://polytech.am/edu/master_information_systems/,Armenian,"npua_scrape: captured from public course list page; limited_metadata: source exposed course titles and credits only; no descriptions, prerequisites, or course codes; missing_credits: credit value absent on source page"
NPUA-0157,National Polytechnic University of Armenia,Information Systems,Information Systems,,Master,,Ռազմավարական նախագծերի վերլուծություն,,,,,,,,,2025/2026,https://polytech.am/edu/master_information_systems/,Armenian,"npua_scrape: captured from public course list page; limited_metadata: source exposed course titles and credits only; no descriptions, prerequisites, or course codes; missing_credits: credit value absent on source page"
NPUA-0158,National Polytechnic University of Armenia,Information Systems,Information Systems,,Master,,Ինտելեկտուալ սեփականության պաշտպանություն,,,,,,,,,2025/2026,https://polytech.am/edu/master_information_systems/,Armenian,"npua_scrape: captured from public course list page; limited_metadata: source exposed course titles and credits only; no descriptions, prerequisites, or course codes; missing_credits: credit value absent on source page"
NPUA-0159,National Polytechnic University of Armenia,Software Engineering,Software Engineering,,Master,,Որոնման տեղեկատվական համակարգեր (Ծրագրային ճարտարագիտություն ԿԾ-ի համար),,5,,,,,,,2025/2026,https://polytech.am/edu/master_software_engineering-2/,Armenian,"npua_scrape: captured from public course list page; limited_metadata: source exposed course titles and credits only; no descriptions, prerequisites, or course codes"
NPUA-0160,National Polytechnic University of Armenia,Software Engineering,Software Engineering,,Master,,Ծրագրային ճարտարագիտության մեթոդաբանություն (Ծրագրային ճարտարագիտություն ԿԾ-ի համար),,5,,,,,,,2025/2026,https://polytech.am/edu/master_software_engineering-2/,Armenian,"npua_scrape: captured from public course list page; limited_metadata: source exposed course titles and credits only; no descriptions, prerequisites, or course codes"
NPUA-0161,National Polytechnic University of Armenia,Software Engineering,Software Engineering,,Master,,Որոշումների կայացման տեսություն,,5,,,,,,,2025/2026,https://polytech.am/edu/master_software_engineering-2/,Armenian,"npua_scrape: captured from public course list page; limited_metadata: source exposed course titles and credits only; no descriptions, prerequisites, or course codes"
NPUA-0162,National Polytechnic University of Armenia,Software Engineering,Software Engineering,,Master,,Ծրագրավորման ոճեր և մեթոդներ,,4,,,,,,,2025/2026,https://polytech.am/edu/master_software_engineering-2/,Armenian,"npua_scrape: captured from public course list page; limited_metadata: source exposed course titles and credits only; no descriptions, prerequisites, or course codes"
NPUA-0163,National Polytechnic University of Armenia,Software Engineering,Software Engineering,,Master,,Ալգորիթմների տեսություն և տվյալների կառուցվածք,,5,,,,,,,2025/2026,https://polytech.am/edu/master_software_engineering-2/,Armenian,"npua_scrape: captured from public course list page; limited_metadata: source exposed course titles and credits only; no descriptions, prerequisites, or course codes"
NPUA-0164,National Polytechnic University of Armenia,Software Engineering,Software Engineering,,Master,,Առաջադեմ Web – տեխնոլոգիաներ,,5,,,,,,,2025/2026,https://polytech.am/edu/master_software_engineering-2/,Armenian,"npua_scrape: captured from public course list page; limited_metadata: source exposed course titles and credits only; no descriptions, prerequisites, or course codes"
NPUA-0165,National Polytechnic University of Armenia,Software Engineering,Software Engineering,,Master,,ներդրված համակարգեր,,4,,,,,,,2025/2026,https://polytech.am/edu/master_software_engineering-2/,Armenian,"npua_scrape: captured from public course list page; limited_metadata: source exposed course titles and credits only; no descriptions, prerequisites, or course codes"
NPUA-0166,National Polytechnic University of Armenia,Software Engineering,Software Engineering,,Master,,Ծրագրային միջոցների մշակման ժամանակակից գրադարաններ,,5,,,,,,,2025/2026,https://polytech.am/edu/master_software_engineering-2/,Armenian,"npua_scrape: captured from public course list page; limited_metadata: source exposed course titles and credits only; no descriptions, prerequisites, or course codes"
NPUA-0167,National Polytechnic University of Armenia,Software Engineering,Software Engineering,,Master,,Ծրագրային գործիքային միջոցների ստուգում և գնահատում,,5,,,,,,,2025/2026,https://polytech.am/edu/master_software_engineering-2/,Armenian,"npua_scrape: captured from public course list page; limited_metadata: source exposed course titles and credits only; no descriptions, prerequisites, or course codes"
NPUA-0168,National Polytechnic University of Armenia,Software Engineering,Software Engineering,,Master,,Տվյալների բազաներ,,5,,,,,,,2025/2026,https://polytech.am/edu/master_software_engineering-2/,Armenian,"npua_scrape: captured from public course list page; limited_metadata: source exposed course titles and credits only; no descriptions, prerequisites, or course codes"
NPUA-0169,National Polytechnic University of Armenia,Software Engineering,Software Engineering,,Master,,Մասնագիտացված հատուկ սարքավորումների ծրագրավորում,,,,,,,,,2025/2026,https://polytech.am/edu/master_software_engineering-2/,Armenian,"npua_scrape: captured from public course list page; limited_metadata: source exposed course titles and credits only; no descriptions, prerequisites, or course codes; missing_credits: credit value absent on source page"
NPUA-0170,National Polytechnic University of Armenia,Software Engineering,Software Engineering,,Master,,Web – տեխնոլոգիաներ,,,,,,,,,2025/2026,https://polytech.am/edu/master_software_engineering-2/,Armenian,"npua_scrape: captured from public course list page; limited_metadata: source exposed course titles and credits only; no descriptions, prerequisites, or course codes; missing_credits: credit value absent on source page"
NPUA-0171,National Polytechnic University of Armenia,Software Engineering,Software Engineering,,Master,,Արհեստական բանականության ծրագրա-գործիքային միջոցներ,,,,,,,,,2025/2026,https://polytech.am/edu/master_software_engineering-2/,Armenian,"npua_scrape: captured from public course list page; limited_metadata: source exposed course titles and credits only; no descriptions, prerequisites, or course codes; missing_credits: credit value absent on source page"
NPUA-0172,National Polytechnic University of Armenia,Software Engineering,Software Engineering,,Master,,Ձեռնարկատիրությունը ծրագրային ճարտարագիտության ոլորտում,,,,,,,,,2025/2026,https://polytech.am/edu/master_software_engineering-2/,Armenian,"npua_scrape: captured from public course list page; limited_metadata: source exposed course titles and credits only; no descriptions, prerequisites, or course codes; missing_credits: credit value absent on source page"
NPUA-0173,National Polytechnic University of Armenia,Software Engineering,Software Engineering,,Master,,Ձեռնարկատիրությունը տեղեկատվական տեխնոլոգիաների բնագավառում,,,,,,,,,2025/2026,https://polytech.am/edu/master_software_engineering-2/,Armenian,"npua_scrape: captured from public course list page; limited_metadata: source exposed course titles and credits only; no descriptions, prerequisites, or course codes; missing_credits: credit value absent on source page"
NPUA-0174,National Polytechnic University of Armenia,Software Engineering,Software Engineering,,Master,,Գործողությունների հետազոտում,,,,,,,,,2025/2026,https://polytech.am/edu/master_software_engineering-2/,Armenian,"npua_scrape: captured from public course list page; limited_metadata: source exposed course titles and credits only; no descriptions, prerequisites, or course codes; missing_credits: credit value absent on source page"
NPUA-0175,National Polytechnic University of Armenia,Software Engineering,Software Engineering,,Master,,Գերմեծ ինտեգրալ սխեմաների միջմիացումների մոդելավորում և օպտիմալացում,,,,,,,,,2025/2026,https://polytech.am/edu/master_software_engineering-2/,Armenian,"npua_scrape: captured from public course list page; limited_metadata: source exposed course titles and credits only; no descriptions, prerequisites, or course codes; missing_credits: credit value absent on source page"
NPUA-0176,National Polytechnic University of Armenia,Software Engineering,Software Engineering,,Master,,Տեղեկատվության պաշտպանություն և անվտանգություն,,,,,,,,,2025/2026,https://polytech.am/edu/master_software_engineering-2/,Armenian,"npua_scrape: captured from public course list page; limited_metadata: source exposed course titles and credits only; no descriptions, prerequisites, or course codes; missing_credits: credit value absent on source page"
NPUA-0177,National Polytechnic University of Armenia,Software Engineering,Software Engineering,,Master,,Մասնագիտացված հաշվողական միջոցներ,,,,,,,,,2025/2026,https://polytech.am/edu/master_software_engineering-2/,Armenian,"npua_scrape: captured from public course list page; limited_metadata: source exposed course titles and credits only; no descriptions, prerequisites, or course codes; missing_credits: credit value absent on source page"
NPUA-0178,National Polytechnic University of Armenia,Software Engineering,Software Engineering,,Master,,Հաշվողական համակարգերի և ցանցերի ապարատածրագրային միջոցներ,,,,,,,,,2025/2026,https://polytech.am/edu/master_software_engineering-2/,Armenian,"npua_scrape: captured from public course list page; limited_metadata: source exposed course titles and credits only; no descriptions, prerequisites, or course codes; missing_credits: credit value absent on source page"
NPUA-0179,National Polytechnic University of Armenia,Software Engineering,Software Engineering,,Master,,Տեղեկատվության մշակման և հաղորդման օպտոէլեկտրոնային տարրեր,,,,,,,,,2025/2026,https://polytech.am/edu/master_software_engineering-2/,Armenian,"npua_scrape: captured from public course list page; limited_metadata: source exposed course titles and credits only; no descriptions, prerequisites, or course codes; missing_credits: credit value absent on source page"
NPUA-0180,National Polytechnic University of Armenia,Software Engineering,Software Engineering,,Master,,Ավտոմատացված նախագծման մաթեմատիկական մեթոդներ,,,,,,,,,2025/2026,https://polytech.am/edu/master_software_engineering-2/,Armenian,"npua_scrape: captured from public course list page; limited_metadata: source exposed course titles and credits only; no descriptions, prerequisites, or course codes; missing_credits: credit value absent on source page"
NPUA-0181,National Polytechnic University of Armenia,Software Engineering,Software Engineering,,Master,,Էլեկտրոնային ավտոմատացված նախագծման ծրագրային գործիքային միջոցներ,,,,,,,,,2025/2026,https://polytech.am/edu/master_software_engineering-2/,Armenian,"npua_scrape: captured from public course list page; limited_metadata: source exposed course titles and credits only; no descriptions, prerequisites, or course codes; missing_credits: credit value absent on source page"
NPUA-0182,National Polytechnic University of Armenia,Software Engineering,Software Engineering,,Master,,Ազդանշանների թվային մշակում,,,,,,,,,2025/2026,https://polytech.am/edu/master_software_engineering-2/,Armenian,"npua_scrape: captured from public course list page; limited_metadata: source exposed course titles and credits only; no descriptions, prerequisites, or course codes; missing_credits: credit value absent on source page"
NPUA-0183,National Polytechnic University of Armenia,Software Engineering,Software Engineering,,Master,,Զուգահեռ ընթացակարգերի ծրագրավորում,,,,,,,,,2025/2026,https://polytech.am/edu/master_software_engineering-2/,Armenian,"npua_scrape: captured from public course list page; limited_metadata: source exposed course titles and credits only; no descriptions, prerequisites, or course codes; missing_credits: credit value absent on source page"
NPUA-0184,National Polytechnic University of Armenia,Software Engineering,Software Engineering,,Master,,Ամպային հաշվարկներ,,,,,,,,,2025/2026,https://polytech.am/edu/master_software_engineering-2/,Armenian,"npua_scrape: captured from public course list page; limited_metadata: source exposed course titles and credits only; no descriptions, prerequisites, or course codes; missing_credits: credit value absent on source page"
NPUA-0185,National Polytechnic University of Armenia,Software Engineering,Software Engineering,,Master,,Համակարգային վերլուծություն և գործընթացների մաթեմատիկական մոդելներ,,,,,,,,,2025/2026,https://polytech.am/edu/master_software_engineering-2/,Armenian,"npua_scrape: captured from public course list page; limited_metadata: source exposed course titles and credits only; no descriptions, prerequisites, or course codes; missing_credits: credit value absent on source page"
NPUA-0186,National Polytechnic University of Armenia,Software Engineering,Software Engineering,,Master,,Հաշվողական միջոցների ժամանակակից էլեմենտային բազա,,,,,,,,,2025/2026,https://polytech.am/edu/master_software_engineering-2/,Armenian,"npua_scrape: captured from public course list page; limited_metadata: source exposed course titles and credits only; no descriptions, prerequisites, or course codes; missing_credits: credit value absent on source page"
NPUA-0187,National Polytechnic University of Armenia,Software Engineering,Software Engineering,,Master,,Ավտոմատացված նախագծման համակարգեր,,,,,,,,,2025/2026,https://polytech.am/edu/master_software_engineering-2/,Armenian,"npua_scrape: captured from public course list page; limited_metadata: source exposed course titles and credits only; no descriptions, prerequisites, or course codes; missing_credits: credit value absent on source page"
NPUA-0188,National Polytechnic University of Armenia,Software Engineering,Software Engineering,,Master,,Գերմեծ ինտեգրալ սխեմաների ֆիզիկական նախագծման ալգորիթմներ,,,,,,,,,2025/2026,https://polytech.am/edu/master_software_engineering-2/,Armenian,"npua_scrape: captured from public course list page; limited_metadata: source exposed course titles and credits only; no descriptions, prerequisites, or course codes; missing_credits: credit value absent on source page"
NPUA-0189,National Polytechnic University of Armenia,Software Engineering,Software Engineering,,Master,,Գերմեծ ինտեգրալ սխեմաների ստուգման ալգորիթմներ,,,,,,,,,2025/2026,https://polytech.am/edu/master_software_engineering-2/,Armenian,"npua_scrape: captured from public course list page; limited_metadata: source exposed course titles and credits only; no descriptions, prerequisites, or course codes; missing_credits: credit value absent on source page"
NPUA-0190,National Polytechnic University of Armenia,Software Engineering,Software Engineering,,Bachelor,,Ինֆորմատիկայի մաթեմատիկական Հիմունքներ,,4,,,,,,,2025/2026,https://polytech.am/edu/software_engineering/,Armenian,"npua_scrape: captured from public course list page; limited_metadata: source exposed course titles and credits only; no descriptions, prerequisites, or course codes"
NPUA-0191,National Polytechnic University of Armenia,Software Engineering,Software Engineering,,Bachelor,,Ծրագրային ճարտարապետության մաթեմատիկական հիմունքներ,,4,,,,,,,2025/2026,https://polytech.am/edu/software_engineering/,Armenian,"npua_scrape: captured from public course list page; limited_metadata: source exposed course titles and credits only; no descriptions, prerequisites, or course codes"
NPUA-0192,National Polytechnic University of Armenia,Software Engineering,Software Engineering,,Bachelor,,Ավտոմատների կիրառական տեսություն,,5,,,,,,,2025/2026,https://polytech.am/edu/software_engineering/,Armenian,"npua_scrape: captured from public course list page; limited_metadata: source exposed course titles and credits only; no descriptions, prerequisites, or course codes"
NPUA-0193,National Polytechnic University of Armenia,Software Engineering,Software Engineering,,Bachelor,,Ճարտարագիտական մոդելավորում,,3,,,,,,,2025/2026,https://polytech.am/edu/software_engineering/,Armenian,"npua_scrape: captured from public course list page; limited_metadata: source exposed course titles and credits only; no descriptions, prerequisites, or course codes"
NPUA-0194,National Polytechnic University of Armenia,Software Engineering,Software Engineering,,Bachelor,,Հաշվողական համակարգերի ծրագրային ապահովում և ճարտարապետություն,,7,,,,,,,2025/2026,https://polytech.am/edu/software_engineering/,Armenian,"npua_scrape: captured from public course list page; limited_metadata: source exposed course titles and credits only; no descriptions, prerequisites, or course codes"
NPUA-0195,National Polytechnic University of Armenia,Software Engineering,Software Engineering,,Bachelor,,Համակարգային ծրագրավորում,,5,,,,,,,2025/2026,https://polytech.am/edu/software_engineering/,Armenian,"npua_scrape: captured from public course list page; limited_metadata: source exposed course titles and credits only; no descriptions, prerequisites, or course codes"
NPUA-0196,National Polytechnic University of Armenia,Software Engineering,Software Engineering,,Bachelor,,Օպերացիոն համակարգեր,,8,,,,,,,2025/2026,https://polytech.am/edu/software_engineering/,Armenian,"npua_scrape: captured from public course list page; limited_metadata: source exposed course titles and credits only; no descriptions, prerequisites, or course codes"
NPUA-0197,National Polytechnic University of Armenia,Software Engineering,Software Engineering,,Bachelor,,Ծրագրային համակարգերի պաշտպանություն,,6,,,,,,,2025/2026,https://polytech.am/edu/software_engineering/,Armenian,"npua_scrape: captured from public course list page; limited_metadata: source exposed course titles and credits only; no descriptions, prerequisites, or course codes"
NPUA-0198,National Polytechnic University of Armenia,Software Engineering,Software Engineering,,Bachelor,,Տվյալների բազաների նախագծման Տեխնոլագիաներ,,5,,,,,,,2025/2026,https://polytech.am/edu/software_engineering/,Armenian,"npua_scrape: captured from public course list page; limited_metadata: source exposed course titles and credits only; no descriptions, prerequisites, or course codes"
NPUA-0199,National Polytechnic University of Armenia,Software Engineering,Software Engineering,,Bachelor,,Քոմփյութերային ցանցերի ծրագրավորում,,8,,,,,,,2025/2026,https://polytech.am/edu/software_engineering/,Armenian,"npua_scrape: captured from public course list page; limited_metadata: source exposed course titles and credits only; no descriptions, prerequisites, or course codes"
NPUA-0200,National Polytechnic University of Armenia,Software Engineering,Software Engineering,,Bachelor,,Ծրագրային ապահովման նախագծում,,5,,,,,,,2025/2026,https://polytech.am/edu/software_engineering/,Armenian,"npua_scrape: captured from public course list page; limited_metadata: source exposed course titles and credits only; no descriptions, prerequisites, or course codes"
NPUA-0201,National Polytechnic University of Armenia,Software Engineering,Software Engineering,,Bachelor,,WEB-ծրագրավորում,,4,,,,,,,2025/2026,https://polytech.am/edu/software_engineering/,Armenian,"npua_scrape: captured from public course list page; limited_metadata: source exposed course titles and credits only; no descriptions, prerequisites, or course codes"
NPUA-0202,National Polytechnic University of Armenia,Software Engineering,Software Engineering,,Bachelor,,Ծրագրավորման տեխնոլոգիա,,13,,,,,,,2025/2026,https://polytech.am/edu/software_engineering/,Armenian,"npua_scrape: captured from public course list page; limited_metadata: source exposed course titles and credits only; no descriptions, prerequisites, or course codes"
NPUA-0203,National Polytechnic University of Armenia,Software Engineering,Software Engineering,,Bachelor,,Օբյեկտ-կողմնորոշված ծրագրավորում,,5,,,,,,,2025/2026,https://polytech.am/edu/software_engineering/,Armenian,"npua_scrape: captured from public course list page; limited_metadata: source exposed course titles and credits only; no descriptions, prerequisites, or course codes"
NPUA-0204,National Polytechnic University of Armenia,Software Engineering,Software Engineering,,Bachelor,,Ծրագրավորում NET միջավայրում,,6,,,,,,,2025/2026,https://polytech.am/edu/software_engineering/,Armenian,"npua_scrape: captured from public course list page; limited_metadata: source exposed course titles and credits only; no descriptions, prerequisites, or course codes"
NPUA-0205,National Polytechnic University of Armenia,Software Engineering,Software Engineering,,Bachelor,,Ծրագրերի թեստավորում,,5,,,,,,,2025/2026,https://polytech.am/edu/software_engineering/,Armenian,"npua_scrape: captured from public course list page; limited_metadata: source exposed course titles and credits only; no descriptions, prerequisites, or course codes"
NPUA-0206,National Polytechnic University of Armenia,Software Engineering,Software Engineering,,Bachelor,,Մոբայլ կիրառությունների նախագծում,,6,,,,,,,2025/2026,https://polytech.am/edu/software_engineering/,Armenian,"npua_scrape: captured from public course list page; limited_metadata: source exposed course titles and credits only; no descriptions, prerequisites, or course codes"
NPUA-0207,National Polytechnic University of Armenia,Software Engineering,Software Engineering,,Bachelor,,Ցանցերի կազմակերպում,,2,,,,,,,2025/2026,https://polytech.am/edu/software_engineering/,Armenian,"npua_scrape: captured from public course list page; limited_metadata: source exposed course titles and credits only; no descriptions, prerequisites, or course codes"
NPUA-0208,National Polytechnic University of Armenia,Software Engineering,Software Engineering,,Bachelor,,Էլեկտրոնային նախագծման ավտոմատացման Ներածություն,,2,,,,,,,2025/2026,https://polytech.am/edu/software_engineering/,Armenian,"npua_scrape: captured from public course list page; limited_metadata: source exposed course titles and credits only; no descriptions, prerequisites, or course codes"
NPUA-0209,National Polytechnic University of Armenia,Software Engineering,Software Engineering,,Bachelor,,Տեխնիկական գրագրություն,,3,,,,,,,2025/2026,https://polytech.am/edu/software_engineering/,Armenian,"npua_scrape: captured from public course list page; limited_metadata: source exposed course titles and credits only; no descriptions, prerequisites, or course codes"
NPUA-0210,National Polytechnic University of Armenia,Software Engineering,Software Engineering,,Bachelor,,Քոմփյութերների ճարտարապետություն և օպերացիոն համակարգեր,,2,,,,,,,2025/2026,https://polytech.am/edu/software_engineering/,Armenian,"npua_scrape: captured from public course list page; limited_metadata: source exposed course titles and credits only; no descriptions, prerequisites, or course codes"
NPUA-0211,National Polytechnic University of Armenia,Software Engineering,Software Engineering,,Bachelor,,Թվային ինտեգրալ սխեմաներ,,4,,,,,,,2025/2026,https://polytech.am/edu/software_engineering/,Armenian,"npua_scrape: captured from public course list page; limited_metadata: source exposed course titles and credits only; no descriptions, prerequisites, or course codes"
NPUA-0212,National Polytechnic University of Armenia,Software Engineering,Software Engineering,,Bachelor,,Անալոգային ինտեգրալ սխեմաներ,,4,,,,,,,2025/2026,https://polytech.am/edu/software_engineering/,Armenian,"npua_scrape: captured from public course list page; limited_metadata: source exposed course titles and credits only; no descriptions, prerequisites, or course codes"
NPUA-0213,National Polytechnic University of Armenia,Software Engineering,Software Engineering,,Bachelor,,Ալգորիթմների տեսություն,,9,,,,,,,2025/2026,https://polytech.am/edu/software_engineering/,Armenian,"npua_scrape: captured from public course list page; limited_metadata: source exposed course titles and credits only; no descriptions, prerequisites, or course codes"
NPUA-0214,National Polytechnic University of Armenia,Software Engineering,Software Engineering,,Bachelor,,Ավտոմատացված նախագծման մաթեմատիկական մեթոդներ,,7,,,,,,,2025/2026,https://polytech.am/edu/software_engineering/,Armenian,"npua_scrape: captured from public course list page; limited_metadata: source exposed course titles and credits only; no descriptions, prerequisites, or course codes"
NPUA-0215,National Polytechnic University of Armenia,Software Engineering,Software Engineering,,Bachelor,,Դիսկրետ մաթեմատիկա,,8,,,,,,,2025/2026,https://polytech.am/edu/software_engineering/,Armenian,"npua_scrape: captured from public course list page; limited_metadata: source exposed course titles and credits only; no descriptions, prerequisites, or course codes"
NPUA-0216,National Polytechnic University of Armenia,Software Engineering,Software Engineering,,Bachelor,,Ինտեգրալ սխեմաների նախագծման Ալգորիթմներ,,3,,,,,,,2025/2026,https://polytech.am/edu/software_engineering/,Armenian,"npua_scrape: captured from public course list page; limited_metadata: source exposed course titles and credits only; no descriptions, prerequisites, or course codes"
NPUA-0217,National Polytechnic University of Armenia,Software Engineering,Software Engineering,,Bachelor,,Ինտեգրալ սխեմաների մոդելավորման Տեսություն,,3,,,,,,,2025/2026,https://polytech.am/edu/software_engineering/,Armenian,"npua_scrape: captured from public course list page; limited_metadata: source exposed course titles and credits only; no descriptions, prerequisites, or course codes"
NPUA-0218,National Polytechnic University of Armenia,Software Engineering,Software Engineering,,Bachelor,,Ծրագրավորման լեզուներ,,7,,,,,,,2025/2026,https://polytech.am/edu/software_engineering/,Armenian,"npua_scrape: captured from public course list page; limited_metadata: source exposed course titles and credits only; no descriptions, prerequisites, or course codes"
NPUA-0219,National Polytechnic University of Armenia,Software Engineering,Software Engineering,,Bachelor,,Օբեկտային-կողմնորոշված ծրագրավորում,,9,,,,,,,2025/2026,https://polytech.am/edu/software_engineering/,Armenian,"npua_scrape: captured from public course list page; limited_metadata: source exposed course titles and credits only; no descriptions, prerequisites, or course codes"
NPUA-0220,National Polytechnic University of Armenia,Software Engineering,Software Engineering,,Bachelor,,Սկրիպտավորման լեզուներ,,4,,,,,,,2025/2026,https://polytech.am/edu/software_engineering/,Armenian,"npua_scrape: captured from public course list page; limited_metadata: source exposed course titles and credits only; no descriptions, prerequisites, or course codes"
NPUA-0221,National Polytechnic University of Armenia,Software Engineering,Software Engineering,,Bachelor,,Ծրագրավորման տեխնոլոգիաներ,,6,,,,,,,2025/2026,https://polytech.am/edu/software_engineering/,Armenian,"npua_scrape: captured from public course list page; limited_metadata: source exposed course titles and credits only; no descriptions, prerequisites, or course codes"
NPUA-0222,National Polytechnic University of Armenia,Software Engineering,Software Engineering,,Bachelor,,Սարքավորումների նկարագրման լեզուներ,,4,,,,,,,2025/2026,https://polytech.am/edu/software_engineering/,Armenian,"npua_scrape: captured from public course list page; limited_metadata: source exposed course titles and credits only; no descriptions, prerequisites, or course codes"
NPUA-0223,National Polytechnic University of Armenia,Software Engineering,Software Engineering,,Bachelor,,Օգտագործողի գրաֆիկական ինտերֆեյսի ծրագրավորում,,4,,,,,,,2025/2026,https://polytech.am/edu/software_engineering/,Armenian,"npua_scrape: captured from public course list page; limited_metadata: source exposed course titles and credits only; no descriptions, prerequisites, or course codes"
NPUA-0224,National Polytechnic University of Armenia,Software Engineering,Software Engineering,,Bachelor,,Ծրագրավորում Linux օպերացիոն համակարգի միջավայրում,,5,,,,,,,2025/2026,https://polytech.am/edu/software_engineering/,Armenian,"npua_scrape: captured from public course list page; limited_metadata: source exposed course titles and credits only; no descriptions, prerequisites, or course codes"
