course_id,university,program_name,program_name_en,program_code,degree_level,course_code,course_name_original,course_name_en,credits,component,semester,description,description_en,prerequisites,assessment,academic_year,source_url,source_language,notes
NPUA-0001,National Polytechnic University of Armenia,Informatics (Computer Science),Informatics (Computer Science),,Bachelor,,Ճարտ. և համակարգչային գրաֆիկա,Architecture and Computer Graphics,2.0,,,,,,,2025/2026,https://polytech.am/edu/computer_science/,Armenian,"npua_scrape: captured from public course list page; limited_metadata: source exposed course titles and credits only; no descriptions, prerequisites, or course codes"
NPUA-0002,National Polytechnic University of Armenia,Informatics (Computer Science),Informatics (Computer Science),,Bachelor,,Կիրառական մեխանիկա,Applied Mechanics,5.0,,,,,,,2025/2026,https://polytech.am/edu/computer_science/,Armenian,"npua_scrape: captured from public course list page; limited_metadata: source exposed course titles and credits only; no descriptions, prerequisites, or course codes"
NPUA-0003,National Polytechnic University of Armenia,Informatics (Computer Science),Informatics (Computer Science),,Bachelor,,Ընդհանուր էլեկտրատեխնիկա,General Electrical Engineering,5.0,,,,,,,2025/2026,https://polytech.am/edu/computer_science/,Armenian,"npua_scrape: captured from public course list page; limited_metadata: source exposed course titles and credits only; no descriptions, prerequisites, or course codes"
NPUA-0004,National Polytechnic University of Armenia,Informatics (Computer Science),Informatics (Computer Science),,Bachelor,,Մաթեմատիկական անալիզ 3,Mathematical Analysis 3,5.0,,,,,,,2025/2026,https://polytech.am/edu/computer_science/,Armenian,"npua_scrape: captured from public course list page; limited_metadata: source exposed course titles and credits only; no descriptions, prerequisites, or course codes"
NPUA-0005,National Polytechnic University of Armenia,Informatics (Computer Science),Informatics (Computer Science),,Bachelor,,MATLAB ծրագրային փաթեթ 1,MATLAB Software Package 1,3.0,,,,,,,2025/2026,https://polytech.am/edu/computer_science/,Armenian,"npua_scrape: captured from public course list page; limited_metadata: source exposed course titles and credits only; no descriptions, prerequisites, or course codes"
NPUA-0006,National Polytechnic University of Armenia,Informatics (Computer Science),Informatics (Computer Science),,Bachelor,,Դիֆ. հավասարումներ,Differential Equations,4.0,,,,,,,2025/2026,https://polytech.am/edu/computer_science/,Armenian,"npua_scrape: captured from public course list page; limited_metadata: source exposed course titles and credits only; no descriptions, prerequisites, or course codes"
NPUA-0007,National Polytechnic University of Armenia,Informatics (Computer Science),Informatics (Computer Science),,Bachelor,,Կոմպլեքս անալիզ,Complex Analysis,5.0,,,,,,,2025/2026,https://polytech.am/edu/computer_science/,Armenian,"npua_scrape: captured from public course list page; limited_metadata: source exposed course titles and credits only; no descriptions, prerequisites, or course codes"
NPUA-0008,National Polytechnic University of Armenia,Informatics (Computer Science),Informatics (Computer Science),,Bachelor,,"Հավանականությունների տեսություն և մաթ. վիճակագրություն 1,2","Theory of Probability and Mathematical Statistics 1,2",6.0,,,,,,,2025/2026,https://polytech.am/edu/computer_science/,Armenian,"npua_scrape: captured from public course list page; limited_metadata: source exposed course titles and credits only; no descriptions, prerequisites, or course codes"
NPUA-0009,National Polytechnic University of Armenia,Informatics (Computer Science),Informatics (Computer Science),,Bachelor,,Մաթ.ֆիզ. հավասարումներ,Mathematical Physics Equations,4.0,,,,,,,2025/2026,https://polytech.am/edu/computer_science/,Armenian,"npua_scrape: captured from public course list page; limited_metadata: source exposed course titles and credits only; no descriptions, prerequisites, or course codes"
NPUA-0010,National Polytechnic University of Armenia,Informatics (Computer Science),Informatics (Computer Science),,Bachelor,,Ֆունկցիոնալ անալիզ,Functional Analysis,4.0,,,,,,,2025/2026,https://polytech.am/edu/computer_science/,Armenian,"npua_scrape: captured from public course list page; limited_metadata: source exposed course titles and credits only; no descriptions, prerequisites, or course codes"
NPUA-0011,National Polytechnic University of Armenia,Informatics (Computer Science),Informatics (Computer Science),,Bachelor,,Մաթեմատիկական տրամաբանություն,Mathematical Logic,5.0,,,,,,,2025/2026,https://polytech.am/edu/computer_science/,Armenian,"npua_scrape: captured from public course list page; limited_metadata: source exposed course titles and credits only; no descriptions, prerequisites, or course codes"
NPUA-0012,National Polytechnic University of Armenia,Informatics (Computer Science),Informatics (Computer Science),,Bachelor,,Ալգորիթմների տեսություն,Theory of Algorithms,5.0,,,,,,,2025/2026,https://polytech.am/edu/computer_science/,Armenian,"npua_scrape: captured from public course list page; limited_metadata: source exposed course titles and credits only; no descriptions, prerequisites, or course codes"
NPUA-0013,National Polytechnic University of Armenia,Informatics (Computer Science),Informatics (Computer Science),,Bachelor,,"Դիսկրետ մաթեմատիկա 1,2","Discrete Mathematics 1, 2",9.0,,,,,,,2025/2026,https://polytech.am/edu/computer_science/,Armenian,"npua_scrape: captured from public course list page; limited_metadata: source exposed course titles and credits only; no descriptions, prerequisites, or course codes"
NPUA-0014,National Polytechnic University of Armenia,Informatics (Computer Science),Informatics (Computer Science),,Bachelor,,"Մաթեմատիկական ծրագրավորում 1,2","Mathematical Programming 1,2",10.0,,,,,,,2025/2026,https://polytech.am/edu/computer_science/,Armenian,"npua_scrape: captured from public course list page; limited_metadata: source exposed course titles and credits only; no descriptions, prerequisites, or course codes"
NPUA-0015,National Polytechnic University of Armenia,Informatics (Computer Science),Informatics (Computer Science),,Bachelor,,"Թվային մեթոդներ 1,2","Digital Methods 1, 2",10.0,,,,,,,2025/2026,https://polytech.am/edu/computer_science/,Armenian,"npua_scrape: captured from public course list page; limited_metadata: source exposed course titles and credits only; no descriptions, prerequisites, or course codes"
NPUA-0016,National Polytechnic University of Armenia,Informatics (Computer Science),Informatics (Computer Science),,Bachelor,,Կիրառական դիֆերենցիալ երկրաչափություն,Applied Differential Geometry,5.0,,,,,,,2025/2026,https://polytech.am/edu/computer_science/,Armenian,"npua_scrape: captured from public course list page; limited_metadata: source exposed course titles and credits only; no descriptions, prerequisites, or course codes"
NPUA-0017,National Polytechnic University of Armenia,Informatics (Computer Science),Informatics (Computer Science),,Bachelor,,Կոդավորման տեսություն,Coding Theory,5.0,,,,,,,2025/2026,https://polytech.am/edu/computer_science/,Armenian,"npua_scrape: captured from public course list page; limited_metadata: source exposed course titles and credits only; no descriptions, prerequisites, or course codes"
NPUA-0018,National Polytechnic University of Armenia,Informatics (Computer Science),Informatics (Computer Science),,Bachelor,,Ինֆորմացիայի կիրառական տեսություն,Applied Theory of Information,4.0,,,,,,,2025/2026,https://polytech.am/edu/computer_science/,Armenian,"npua_scrape: captured from public course list page; limited_metadata: source exposed course titles and credits only; no descriptions, prerequisites, or course codes"
NPUA-0019,National Polytechnic University of Armenia,Informatics (Computer Science),Informatics (Computer Science),,Bachelor,,"Ծրագրավորման հիմունքներ 5,6","Fundamentals of Programming 5,6",11.0,,,,,,,2025/2026,https://polytech.am/edu/computer_science/,Armenian,"npua_scrape: captured from public course list page; limited_metadata: source exposed course titles and credits only; no descriptions, prerequisites, or course codes"
NPUA-0020,National Polytechnic University of Armenia,Informatics (Computer Science),Informatics (Computer Science),,Bachelor,,Web ծրագրավորում,Web Programming,5.0,,,,,,,2025/2026,https://polytech.am/edu/computer_science/,Armenian,"npua_scrape: captured from public course list page; limited_metadata: source exposed course titles and credits only; no descriptions, prerequisites, or course codes"
NPUA-0021,National Polytechnic University of Armenia,Informatics (Computer Science),Informatics (Computer Science),,Bachelor,,ԷՀՄ ճարտարապետություն,Architecture of EHMs,5.0,,,,,,,2025/2026,https://polytech.am/edu/computer_science/,Armenian,"npua_scrape: captured from public course list page; limited_metadata: source exposed course titles and credits only; no descriptions, prerequisites, or course codes"
NPUA-0022,National Polytechnic University of Armenia,Informatics (Computer Science),Informatics (Computer Science),,Bachelor,,Ծրագրավորման տեխնոլոգիաներ,Programming Technologies,5.0,,,,,,,2025/2026,https://polytech.am/edu/computer_science/,Armenian,"npua_scrape: captured from public course list page; limited_metadata: source exposed course titles and credits only; no descriptions, prerequisites, or course codes"
NPUA-0023,National Polytechnic University of Armenia,Informatics (Computer Science),Informatics (Computer Science),,Bachelor,,Համակարգային ծրագրավորում,System Programming,6.0,,,,,,,2025/2026,https://polytech.am/edu/computer_science/,Armenian,"npua_scrape: captured from public course list page; limited_metadata: source exposed course titles and credits only; no descriptions, prerequisites, or course codes"
NPUA-0024,National Polytechnic University of Armenia,Informatics (Computer Science),Informatics (Computer Science),,Bachelor,,Օպերացիոն համակարգեր,Operating Systems,5.0,,,,,,,2025/2026,https://polytech.am/edu/computer_science/,Armenian,"npua_scrape: captured from public course list page; limited_metadata: source exposed course titles and credits only; no descriptions, prerequisites, or course codes"
NPUA-0025,National Polytechnic University of Armenia,Informatics (Computer Science),Informatics (Computer Science),,Bachelor,,Քոմփյութերային երկրաչափություն,Computer Geometry,5.0,,,,,,,2025/2026,https://polytech.am/edu/computer_science/,Armenian,"npua_scrape: captured from public course list page; limited_metadata: source exposed course titles and credits only; no descriptions, prerequisites, or course codes"
NPUA-0026,National Polytechnic University of Armenia,Informatics (Computer Science),Informatics (Computer Science),,Bachelor,,Տվյալների բազաներ,Database Systems,3.0,,,,,,,2025/2026,https://polytech.am/edu/computer_science/,Armenian,"npua_scrape: captured from public course list page; limited_metadata: source exposed course titles and credits only; no descriptions, prerequisites, or course codes"
NPUA-0027,National Polytechnic University of Armenia,Information Technologies,Information Technologies,,Bachelor,,Տվյալների կառուցվածքներ և Ալգորիթմներ,Data Structures and Algorithms,5.0,,,,,,,2025/2026,https://polytech.am/edu/information_technologies-2/,Armenian,"npua_scrape: captured from public course list page; limited_metadata: source exposed course titles and credits only; no descriptions, prerequisites, or course codes"
NPUA-0028,National Polytechnic University of Armenia,Information Technologies,Information Technologies,,Bachelor,,Կիրառական ծրագրեր,Applied Programs,3.0,,,,,,,2025/2026,https://polytech.am/edu/information_technologies-2/,Armenian,"npua_scrape: captured from public course list page; limited_metadata: source exposed course titles and credits only; no descriptions, prerequisites, or course codes"
NPUA-0029,National Polytechnic University of Armenia,Information Technologies,Information Technologies,,Bachelor,,"Դիսկրետ մաթեմատիկա, ալգորիթմներ և ծրագրեր","Discrete Mathematics, Algorithms, and Programs",5.0,,,,,,,2025/2026,https://polytech.am/edu/information_technologies-2/,Armenian,"npua_scrape: captured from public course list page; limited_metadata: source exposed course titles and credits only; no descriptions, prerequisites, or course codes"
NPUA-0030,National Polytechnic University of Armenia,Information Technologies,Information Technologies,,Bachelor,,Մարդ-մեքենա փոխգործակցություն,Human-Machine Interaction,6.0,,,,,,,2025/2026,https://polytech.am/edu/information_technologies-2/,Armenian,"npua_scrape: captured from public course list page; limited_metadata: source exposed course titles and credits only; no descriptions, prerequisites, or course codes"
NPUA-0031,National Polytechnic University of Armenia,Information Technologies,Information Technologies,,Bachelor,,Web տեխնոլոգիաներ,Web Technologies,12.0,,,,,,,2025/2026,https://polytech.am/edu/information_technologies-2/,Armenian,"npua_scrape: captured from public course list page; limited_metadata: source exposed course titles and credits only; no descriptions, prerequisites, or course codes"
NPUA-0032,National Polytechnic University of Armenia,Information Technologies,Information Technologies,,Bachelor,,Տվյալների բազաների կառավարման համակարգեր,Database Management Systems,11.0,,,,,,,2025/2026,https://polytech.am/edu/information_technologies-2/,Armenian,"npua_scrape: captured from public course list page; limited_metadata: source exposed course titles and credits only; no descriptions, prerequisites, or course codes"
NPUA-0033,National Polytechnic University of Armenia,Information Technologies,Information Technologies,,Bachelor,,Ճարտարագիտական մոդելավորում,Engineering Modeling,6.0,,,,,,,2025/2026,https://polytech.am/edu/information_technologies-2/,Armenian,"npua_scrape: captured from public course list page; limited_metadata: source exposed course titles and credits only; no descriptions, prerequisites, or course codes"
NPUA-0034,National Polytechnic University of Armenia,Information Technologies,Information Technologies,,Bachelor,,ՏՏ-ի սոցիալական և էթիկական հարցերը,Social and Ethical Issues in IT,2.0,,,,,,,2025/2026,https://polytech.am/edu/information_technologies-2/,Armenian,"npua_scrape: captured from public course list page; limited_metadata: source exposed course titles and credits only; no descriptions, prerequisites, or course codes"
NPUA-0035,National Polytechnic University of Armenia,Information Technologies,Information Technologies,,Bachelor,,Ցանցային տեխնոլոգիաների կառավարում և կարգաբերում,Management and Regulation of Network Technologies,5.0,,,,,,,2025/2026,https://polytech.am/edu/information_technologies-2/,Armenian,"npua_scrape: captured from public course list page; limited_metadata: source exposed course titles and credits only; no descriptions, prerequisites, or course codes"
NPUA-0036,National Polytechnic University of Armenia,Information Technologies,Information Technologies,,Bachelor,,ՏՏ ռեսուրսների պլանավորում,IT Resource Planning,4.0,,,,,,,2025/2026,https://polytech.am/edu/information_technologies-2/,Armenian,"npua_scrape: captured from public course list page; limited_metadata: source exposed course titles and credits only; no descriptions, prerequisites, or course codes"
NPUA-0037,National Polytechnic University of Armenia,Information Technologies,Information Technologies,,Bachelor,,Պլատֆորմային Տեխնոլոգիաներ,Platform Technologies,4.0,,,,,,,2025/2026,https://polytech.am/edu/information_technologies-2/,Armenian,"npua_scrape: captured from public course list page; limited_metadata: source exposed course titles and credits only; no descriptions, prerequisites, or course codes"
NPUA-0038,National Polytechnic University of Armenia,Information Technologies,Information Technologies,,Bachelor,,Օպերացիոն համակարգերի կարգաբերում և օգտագործում,Configuration and Use of Operating Systems,5.0,,,,,,,2025/2026,https://polytech.am/edu/information_technologies-2/,Armenian,"npua_scrape: captured from public course list page; limited_metadata: source exposed course titles and credits only; no descriptions, prerequisites, or course codes"
NPUA-0039,National Polytechnic University of Armenia,Information Technologies,Information Technologies,,Bachelor,,Մուլտիմեդիա տեխնոլոգիաներ,Multimedia Technologies,5.0,,,,,,,2025/2026,https://polytech.am/edu/information_technologies-2/,Armenian,"npua_scrape: captured from public course list page; limited_metadata: source exposed course titles and credits only; no descriptions, prerequisites, or course codes"
NPUA-0040,National Polytechnic University of Armenia,Information Technologies,Information Technologies,,Bachelor,,Տեխնիկական աջակցություն,Technical Support,3.0,,,,,,,2025/2026,https://polytech.am/edu/information_technologies-2/,Armenian,"npua_scrape: captured from public course list page; limited_metadata: source exposed course titles and credits only; no descriptions, prerequisites, or course codes"
NPUA-0041,National Polytechnic University of Armenia,Information Technologies,Information Technologies,,Bachelor,,"Անվտանգություն ներդրում, Կառավարում","Investment Security, Management",6.0,,,,,,,2025/2026,https://polytech.am/edu/information_technologies-2/,Armenian,"npua_scrape: captured from public course list page; limited_metadata: source exposed course titles and credits only; no descriptions, prerequisites, or course codes"
NPUA-0042,National Polytechnic University of Armenia,Information Technologies,Information Technologies,,Bachelor,,SEO -որոնման համակարգի Օպտիմալացում,SEO - Search Engine Optimization,5.0,,,,,,,2025/2026,https://polytech.am/edu/information_technologies-2/,Armenian,"npua_scrape: captured from public course list page; limited_metadata: source exposed course titles and credits only; no descriptions, prerequisites, or course codes"
NPUA-0043,National Polytechnic University of Armenia,Information Technologies,Information Technologies,,Bachelor,,WEB տեխնոլոգիաներ,Web Technologies,6.0,,,,,,,2025/2026,https://polytech.am/edu/information_technologies-2/,Armenian,"npua_scrape: captured from public course list page; limited_metadata: source exposed course titles and credits only; no descriptions, prerequisites, or course codes"
NPUA-0044,National Polytechnic University of Armenia,Information Technologies,Information Technologies,,Bachelor,,Մոբայլ տեխնոլոգիաներ,Mobile Technologies,6.0,,,,,,,2025/2026,https://polytech.am/edu/information_technologies-2/,Armenian,"npua_scrape: captured from public course list page; limited_metadata: source exposed course titles and credits only; no descriptions, prerequisites, or course codes"
NPUA-0045,National Polytechnic University of Armenia,Information Technologies,Information Technologies,,Bachelor,,Ինտեգրման միջոցով համակարգերի մշակում,System Development through Integration,5.0,,,,,,,2025/2026,https://polytech.am/edu/information_technologies-2/,Armenian,"npua_scrape: captured from public course list page; limited_metadata: source exposed course titles and credits only; no descriptions, prerequisites, or course codes"
NPUA-0046,National Polytechnic University of Armenia,Information Technologies,Information Technologies,,Bachelor,,Համակարգերի կառավարում,Systems Management,6.0,,,,,,,2025/2026,https://polytech.am/edu/information_technologies-2/,Armenian,"npua_scrape: captured from public course list page; limited_metadata: source exposed course titles and credits only; no descriptions, prerequisites, or course codes"
NPUA-0047,National Polytechnic University of Armenia,Information Technologies,Information Technologies,,Bachelor,,Տվյալների բազաների կառավարման համակարգեր,Database Management Systems,6.0,,,,,,,2025/2026,https://polytech.am/edu/information_technologies-2/,Armenian,"npua_scrape: captured from public course list page; limited_metadata: source exposed course titles and credits only; no descriptions, prerequisites, or course codes"
NPUA-0048,National Polytechnic University of Armenia,Computer Engineering,Computer Engineering,,Bachelor,,Հաշվողական համակարգերի թվաբանական և տրամաբանական հիմունքներ,Fundamentals of Arithmetic and Logical Principles of Computing Systems,4.0,,,,,,,2025/2026,https://polytech.am/edu/computer-engineering/,Armenian,"npua_scrape: captured from public course list page; limited_metadata: source exposed course titles and credits only; no descriptions, prerequisites, or course codes"
NPUA-0049,National Polytechnic University of Armenia,Computer Engineering,Computer Engineering,,Bachelor,,Թվային սխեմաների նախագծման հիմունքներ,Fundamentals of Digital Circuit Design,3.0,,,,,,,2025/2026,https://polytech.am/edu/computer-engineering/,Armenian,"npua_scrape: captured from public course list page; limited_metadata: source exposed course titles and credits only; no descriptions, prerequisites, or course codes"
NPUA-0050,National Polytechnic University of Armenia,Computer Engineering,Computer Engineering,,Bachelor,,Համակարգչային սխեմատեխնիկա,Computer Schematics Engineering,6.0,,,,,,,2025/2026,https://polytech.am/edu/computer-engineering/,Armenian,"npua_scrape: captured from public course list page; limited_metadata: source exposed course titles and credits only; no descriptions, prerequisites, or course codes"
NPUA-0051,National Polytechnic University of Armenia,Computer Engineering,Computer Engineering,,Bachelor,,Թվային համակարգերի նախագծում,Design of Digital Systems,6.0,,,,,,,2025/2026,https://polytech.am/edu/computer-engineering/,Armenian,"npua_scrape: captured from public course list page; limited_metadata: source exposed course titles and credits only; no descriptions, prerequisites, or course codes"
NPUA-0052,National Polytechnic University of Armenia,Computer Engineering,Computer Engineering,,Bachelor,,Քոմփյութերների կազմակերպում,Computer Organization,1.0,,,,,,,2025/2026,https://polytech.am/edu/computer-engineering/,Armenian,"npua_scrape: captured from public course list page; limited_metadata: source exposed course titles and credits only; no descriptions, prerequisites, or course codes"
NPUA-0053,National Polytechnic University of Armenia,Computer Engineering,Computer Engineering,,Bachelor,,Հաշվողական համակարգերի Ճարտարապետություն,Architecture of Computing Systems,7.0,,,,,,,2025/2026,https://polytech.am/edu/computer-engineering/,Armenian,"npua_scrape: captured from public course list page; limited_metadata: source exposed course titles and credits only; no descriptions, prerequisites, or course codes"
NPUA-0054,National Polytechnic University of Armenia,Computer Engineering,Computer Engineering,,Bachelor,,Հաշվողական համակարգերի արատորոշում,Diagnosis of Computing Systems,6.0,,,,,,,2025/2026,https://polytech.am/edu/computer-engineering/,Armenian,"npua_scrape: captured from public course list page; limited_metadata: source exposed course titles and credits only; no descriptions, prerequisites, or course codes"
NPUA-0055,National Polytechnic University of Armenia,Computer Engineering,Computer Engineering,,Bachelor,,Համակարգչային ցանցերի հիմունքներ,Fundamentals of Computer Networks,4.0,,,,,,,2025/2026,https://polytech.am/edu/computer-engineering/,Armenian,"npua_scrape: captured from public course list page; limited_metadata: source exposed course titles and credits only; no descriptions, prerequisites, or course codes"
NPUA-0056,National Polytechnic University of Armenia,Computer Engineering,Computer Engineering,,Bachelor,,Համակարգչային ինտեգրալ սխեմաներ,Computer Integrated Circuits,4.0,,,,,,,2025/2026,https://polytech.am/edu/computer-engineering/,Armenian,"npua_scrape: captured from public course list page; limited_metadata: source exposed course titles and credits only; no descriptions, prerequisites, or course codes"
NPUA-0057,National Polytechnic University of Armenia,Computer Engineering,Computer Engineering,,Bachelor,,Համակարգչային ցանցերի կազմակերպում,Organization of Computer Networks,6.0,,,,,,,2025/2026,https://polytech.am/edu/computer-engineering/,Armenian,"npua_scrape: captured from public course list page; limited_metadata: source exposed course titles and credits only; no descriptions, prerequisites, or course codes"
NPUA-0058,National Polytechnic University of Armenia,Computer Engineering,Computer Engineering,,Bachelor,,Ցանցային օպերացիոն համակարգեր,Network Operating Systems,3.0,,,,,,,2025/2026,https://polytech.am/edu/computer-engineering/,Armenian,"npua_scrape: captured from public course list page; limited_metadata: source exposed course titles and credits only; no descriptions, prerequisites, or course codes"
NPUA-0059,National Polytechnic University of Armenia,Computer Engineering,Computer Engineering,,Bachelor,,Միկրոպրոցեսորային համակարգեր,Microprocessor Systems,5.0,,,,,,,2025/2026,https://polytech.am/edu/computer-engineering/,Armenian,"npua_scrape: captured from public course list page; limited_metadata: source exposed course titles and credits only; no descriptions, prerequisites, or course codes"
NPUA-0060,National Polytechnic University of Armenia,Computer Engineering,Computer Engineering,,Bachelor,,Համակարգչային մասնագիտացված սխեմաներ,Computer Specialized Schemes,4.0,,,,,,,2025/2026,https://polytech.am/edu/computer-engineering/,Armenian,"npua_scrape: captured from public course list page; limited_metadata: source exposed course titles and credits only; no descriptions, prerequisites, or course codes"
NPUA-0061,National Polytechnic University of Armenia,Computer Engineering,Computer Engineering,,Bachelor,,Ծրագրավորվող սարքերով հաշվողական համակարգերի նախագծում,Design of Computing Systems with Programmable Devices,4.0,,,,,,,2025/2026,https://polytech.am/edu/computer-engineering/,Armenian,"npua_scrape: captured from public course list page; limited_metadata: source exposed course titles and credits only; no descriptions, prerequisites, or course codes"
NPUA-0062,National Polytechnic University of Armenia,Computer Engineering,Computer Engineering,,Bachelor,,Տեղեկատվության պահպանման և ցանցային շրջանառման տեխնոլոգիաներ,Information Preservation and Network Circulation Technologies,5.0,,,,,,,2025/2026,https://polytech.am/edu/computer-engineering/,Armenian,"npua_scrape: captured from public course list page; limited_metadata: source exposed course titles and credits only; no descriptions, prerequisites, or course codes"
NPUA-0063,National Polytechnic University of Armenia,Computer Engineering,Computer Engineering,,Bachelor,,Համակարգչային ցանցերի մասնագիտացված օպերացիոն համակարգեր,Specialized Operating Systems for Computer Networks,6.0,,,,,,,2025/2026,https://polytech.am/edu/computer-engineering/,Armenian,"npua_scrape: captured from public course list page; limited_metadata: source exposed course titles and credits only; no descriptions, prerequisites, or course codes"
NPUA-0064,National Polytechnic University of Armenia,Computer Engineering,Computer Engineering,,Bachelor,,Էլեկտրոնային կառավարման ցանցային Համակարգեր,Networked Systems of Electronic Governance,6.0,,,,,,,2025/2026,https://polytech.am/edu/computer-engineering/,Armenian,"npua_scrape: captured from public course list page; limited_metadata: source exposed course titles and credits only; no descriptions, prerequisites, or course codes"
NPUA-0065,National Polytechnic University of Armenia,Computer Engineering,Computer Engineering,,Bachelor,,Համակարգչային ցանցերի պաշտպանության ապարատածրագրային միջոցներ,Hardware and Software Solutions for Computer Network Security,5.0,,,,,,,2025/2026,https://polytech.am/edu/computer-engineering/,Armenian,"npua_scrape: captured from public course list page; limited_metadata: source exposed course titles and credits only; no descriptions, prerequisites, or course codes"
NPUA-0066,National Polytechnic University of Armenia,Computer Engineering,Computer Engineering,,Bachelor,,Բազմապրոցեսորային համակարգեր,Multiprocessor Systems,5.0,,,,,,,2025/2026,https://polytech.am/edu/computer-engineering/,Armenian,"npua_scrape: captured from public course list page; limited_metadata: source exposed course titles and credits only; no descriptions, prerequisites, or course codes"
NPUA-0067,National Polytechnic University of Armenia,Computer Engineering,Computer Engineering,,Bachelor,,Համակարգիչների սնուցման երկրորդական աղբյուրների կազմակերպում,Organization of Secondary Power Sources for Computers,4.0,,,,,,,2025/2026,https://polytech.am/edu/computer-engineering/,Armenian,"npua_scrape: captured from public course list page; limited_metadata: source exposed course titles and credits only; no descriptions, prerequisites, or course codes"
NPUA-0068,National Polytechnic University of Armenia,Computer Engineering,Computer Engineering,,Bachelor,,Համակարգչային ցանցերի կառավարում և շահագործում,Computer Network Management and Operation,5.0,,,,,,,2025/2026,https://polytech.am/edu/computer-engineering/,Armenian,"npua_scrape: captured from public course list page; limited_metadata: source exposed course titles and credits only; no descriptions, prerequisites, or course codes"
NPUA-0069,National Polytechnic University of Armenia,Information Security,Information Security,,Bachelor,,Ինֆորմատիկայի մաթեմատիկական Հիմունքներ,Mathematical Foundations of Informatics,4.0,,,,,,,2025/2026,https://polytech.am/edu/information_security/,Armenian,"npua_scrape: captured from public course list page; limited_metadata: source exposed course titles and credits only; no descriptions, prerequisites, or course codes"
NPUA-0070,National Polytechnic University of Armenia,Information Security,Information Security,,Bachelor,,Ավտոմատների կիրառական տեսություն,Applied Theory of Automata,5.0,,,,,,,2025/2026,https://polytech.am/edu/information_security/,Armenian,"npua_scrape: captured from public course list page; limited_metadata: source exposed course titles and credits only; no descriptions, prerequisites, or course codes"
NPUA-0071,National Polytechnic University of Armenia,Information Security,Information Security,,Bachelor,,Թվերի տեսություն,Theory of Numbers,3.0,,,,,,,2025/2026,https://polytech.am/edu/information_security/,Armenian,"npua_scrape: captured from public course list page; limited_metadata: source exposed course titles and credits only; no descriptions, prerequisites, or course codes"
NPUA-0072,National Polytechnic University of Armenia,Information Security,Information Security,,Bachelor,,Հաշվողական համակարգերի ծրագրային ապահովում և ճարտարապետություն,Software Development and Architecture of Computing Systems,7.0,,,,,,,2025/2026,https://polytech.am/edu/information_security/,Armenian,"npua_scrape: captured from public course list page; limited_metadata: source exposed course titles and credits only; no descriptions, prerequisites, or course codes"
NPUA-0073,National Polytechnic University of Armenia,Information Security,Information Security,,Bachelor,,Համակարգային ծրագրավորում,System Programming,5.0,,,,,,,2025/2026,https://polytech.am/edu/information_security/,Armenian,"npua_scrape: captured from public course list page; limited_metadata: source exposed course titles and credits only; no descriptions, prerequisites, or course codes"
NPUA-0074,National Polytechnic University of Armenia,Information Security,Information Security,,Bachelor,,Օպերացիոն համակարգեր,Operating Systems,8.0,,,,,,,2025/2026,https://polytech.am/edu/information_security/,Armenian,"npua_scrape: captured from public course list page; limited_metadata: source exposed course titles and credits only; no descriptions, prerequisites, or course codes"
NPUA-0075,National Polytechnic University of Armenia,Information Security,Information Security,,Bachelor,,Տեղեկատվության գաղտնագրային և թաքնագրային պաշտպանություն,Cryptographic and Steganographic Protection of Information,13.0,,,,,,,2025/2026,https://polytech.am/edu/information_security/,Armenian,"npua_scrape: captured from public course list page; limited_metadata: source exposed course titles and credits only; no descriptions, prerequisites, or course codes"
NPUA-0076,National Polytechnic University of Armenia,Information Security,Information Security,,Bachelor,,Տվյալների բազաների նախագծման տեխնոլագիաներ և պաշտպանություն,Database Design Technologies and Security,5.0,,,,,,,2025/2026,https://polytech.am/edu/information_security/,Armenian,"npua_scrape: captured from public course list page; limited_metadata: source exposed course titles and credits only; no descriptions, prerequisites, or course codes"
NPUA-0077,National Polytechnic University of Armenia,Information Security,Information Security,,Bachelor,,Քոմփյութերային ցանցերի կազմակերպում և պաշտպանություն,Organization and Security of Computer Networks,8.0,,,,,,,2025/2026,https://polytech.am/edu/information_security/,Armenian,"npua_scrape: captured from public course list page; limited_metadata: source exposed course titles and credits only; no descriptions, prerequisites, or course codes"
NPUA-0078,National Polytechnic University of Armenia,Information Security,Information Security,,Bachelor,,Ծրագրավորման տեխնոլոգիա,Programming Technology,10.0,,,,,,,2025/2026,https://polytech.am/edu/information_security/,Armenian,"npua_scrape: captured from public course list page; limited_metadata: source exposed course titles and credits only; no descriptions, prerequisites, or course codes"
NPUA-0079,National Polytechnic University of Armenia,Information Security,Information Security,,Bachelor,,Հաշվողական համակարգերի հակավիրուսային պաշտպանություն,Antivirus Protection of Computing Systems,5.0,,,,,,,2025/2026,https://polytech.am/edu/information_security/,Armenian,"npua_scrape: captured from public course list page; limited_metadata: source exposed course titles and credits only; no descriptions, prerequisites, or course codes"
NPUA-0080,National Polytechnic University of Armenia,Information Security,Information Security,,Bachelor,,Օբյեկտ-կողմնորոշված և կոմպոնենտային ծրագրավորում,Object-Oriented and Component-Based Programming,5.0,,,,,,,2025/2026,https://polytech.am/edu/information_security/,Armenian,"npua_scrape: captured from public course list page; limited_metadata: source exposed course titles and credits only; no descriptions, prerequisites, or course codes"
NPUA-0081,National Polytechnic University of Armenia,Information Security,Information Security,,Bachelor,,Տվյալների պաշտպանությունը չարտոված մուտքերից,Data Protection from Unauthorized Access,6.0,,,,,,,2025/2026,https://polytech.am/edu/information_security/,Armenian,"npua_scrape: captured from public course list page; limited_metadata: source exposed course titles and credits only; no descriptions, prerequisites, or course codes"
NPUA-0082,National Polytechnic University of Armenia,Information Security,Information Security,,Bachelor,,Ցանցային կիրառությունների ծրագրային ապահովում,Software Development for Network Applications,4.0,,,,,,,2025/2026,https://polytech.am/edu/information_security/,Armenian,"npua_scrape: captured from public course list page; limited_metadata: source exposed course titles and credits only; no descriptions, prerequisites, or course codes"
NPUA-0083,National Polytechnic University of Armenia,Information Security,Information Security,,Bachelor,,Ծրագրերի թեստավորում,Software Testing,5.0,,,,,,,2025/2026,https://polytech.am/edu/information_security/,Armenian,"npua_scrape: captured from public course list page; limited_metadata: source exposed course titles and credits only; no descriptions, prerequisites, or course codes"
NPUA-0084,National Polytechnic University of Armenia,Information Security,Information Security,,Bachelor,,Տեղեկատվական անվտանգության ռիսկերի կառավարում,Information Security Risk Management,6.0,,,,,,,2025/2026,https://polytech.am/edu/information_security/,Armenian,"npua_scrape: captured from public course list page; limited_metadata: source exposed course titles and credits only; no descriptions, prerequisites, or course codes"
NPUA-0085,National Polytechnic University of Armenia,Information Systems,Information Systems,,Bachelor,,Կառավարման տեղեկատվական համակարգեր,Management Information Systems,1.0,,,,,,,2025/2026,https://polytech.am/edu/information_systems/,Armenian,"npua_scrape: captured from public course list page; limited_metadata: source exposed course titles and credits only; no descriptions, prerequisites, or course codes"
NPUA-0086,National Polytechnic University of Armenia,Information Systems,Information Systems,,Bachelor,,Հաշվողական մեթոդների կիրառական տեսություն,Applied Theory of Computational Methods,11.0,,,,,,,2025/2026,https://polytech.am/edu/information_systems/,Armenian,"npua_scrape: captured from public course list page; limited_metadata: source exposed course titles and credits only; no descriptions, prerequisites, or course codes"
NPUA-0087,National Polytechnic University of Armenia,Information Systems,Information Systems,,Bachelor,,Ինֆորմացիայի կիրառական տեսություն,Applied Theory of Information,3.0,,,,,,,2025/2026,https://polytech.am/edu/information_systems/,Armenian,"npua_scrape: captured from public course list page; limited_metadata: source exposed course titles and credits only; no descriptions, prerequisites, or course codes"
NPUA-0088,National Polytechnic University of Armenia,Information Systems,Information Systems,,Bachelor,,Բաշխված տեղեկատվական համակարգեր,Distributed Information Systems,5.0,,,,,,,2025/2026,https://polytech.am/edu/information_systems/,Armenian,"npua_scrape: captured from public course list page; limited_metadata: source exposed course titles and credits only; no descriptions, prerequisites, or course codes"
NPUA-0089,National Polytechnic University of Armenia,Information Systems,Information Systems,,Bachelor,,Տեղեկատվական համակարգերի գործառույթների օպտիմալացում,Optimization of Information System Functions,3.0,,,,,,,2025/2026,https://polytech.am/edu/information_systems/,Armenian,"npua_scrape: captured from public course list page; limited_metadata: source exposed course titles and credits only; no descriptions, prerequisites, or course codes"
NPUA-0090,National Polytechnic University of Armenia,Information Systems,Information Systems,,Bachelor,,Համակարգային վերլուծություն և գոր- ծողությունների հետազոտում,Systems Analysis and Operations Research,13.0,,,,,,,2025/2026,https://polytech.am/edu/information_systems/,Armenian,"npua_scrape: captured from public course list page; limited_metadata: source exposed course titles and credits only; no descriptions, prerequisites, or course codes"
NPUA-0091,National Polytechnic University of Armenia,Information Systems,Information Systems,,Bachelor,,Համակարգերի մոդելավորում,Systems Modeling,13.0,,,,,,,2025/2026,https://polytech.am/edu/information_systems/,Armenian,"npua_scrape: captured from public course list page; limited_metadata: source exposed course titles and credits only; no descriptions, prerequisites, or course codes"
NPUA-0092,National Polytechnic University of Armenia,Information Systems,Information Systems,,Bachelor,,Արհեստական բանականություն և մեքենայական ուսուցում,Artificial Intelligence and Machine Learning,6.0,,,,,,,2025/2026,https://polytech.am/edu/information_systems/,Armenian,"npua_scrape: captured from public course list page; limited_metadata: source exposed course titles and credits only; no descriptions, prerequisites, or course codes"
NPUA-0093,National Polytechnic University of Armenia,Information Systems,Information Systems,,Bachelor,,Վճիռների կայացման մեթոդներ և Սցենարներ,Decision-Making Methods and Scenarios,6.0,,,,,,,2025/2026,https://polytech.am/edu/information_systems/,Armenian,"npua_scrape: captured from public course list page; limited_metadata: source exposed course titles and credits only; no descriptions, prerequisites, or course codes"
NPUA-0094,National Polytechnic University of Armenia,Information Systems,Information Systems,,Bachelor,,Տվյալների բազաների կառավարման համակարգեր,Database Management Systems,5.0,,,,,,,2025/2026,https://polytech.am/edu/information_systems/,Armenian,"npua_scrape: captured from public course list page; limited_metadata: source exposed course titles and credits only; no descriptions, prerequisites, or course codes"
NPUA-0095,National Polytechnic University of Armenia,Information Systems,Information Systems,,Bachelor,,Մեծածավալ տվյալներ,Big Data,5.0,,,,,,,2025/2026,https://polytech.am/edu/information_systems/,Armenian,"npua_scrape: captured from public course list page; limited_metadata: source exposed course titles and credits only; no descriptions, prerequisites, or course codes"
NPUA-0096,National Polytechnic University of Armenia,Information Systems,Information Systems,,Bachelor,,Բանկային գործի և դրամաշրջանառության օպտիմալացում և ավտոմատացում,Optimization and Automation of Banking Operations and Monetary Circulation,6.0,,,,,,,2025/2026,https://polytech.am/edu/information_systems/,Armenian,"npua_scrape: captured from public course list page; limited_metadata: source exposed course titles and credits only; no descriptions, prerequisites, or course codes"
NPUA-0097,National Polytechnic University of Armenia,Information Systems,Information Systems,,Bachelor,,Բանկերի ավտոմատացված կառավարում,Automated Management of Banks,5.0,,,,,,,2025/2026,https://polytech.am/edu/information_systems/,Armenian,"npua_scrape: captured from public course list page; limited_metadata: source exposed course titles and credits only; no descriptions, prerequisites, or course codes"
NPUA-0098,National Polytechnic University of Armenia,Information Systems,Information Systems,,Bachelor,,Ֆինանսաբանկային ավտոմատացված կառավարման համակարգերի նախագծում,Design of Financial and Banking Automated Management Systems,9.0,,,,,,,2025/2026,https://polytech.am/edu/information_systems/,Armenian,"npua_scrape: captured from public course list page; limited_metadata: source exposed course titles and credits only; no descriptions, prerequisites, or course codes"
NPUA-0099,National Polytechnic University of Armenia,Information Systems,Information Systems,,Bachelor,,Ավտոմատացված հաշվապահական Համակարգեր,Automated Accounting Systems,4.0,,,,,,,2025/2026,https://polytech.am/edu/information_systems/,Armenian,"npua_scrape: captured from public course list page; limited_metadata: source exposed course titles and credits only; no descriptions, prerequisites, or course codes"
NPUA-0100,National Polytechnic University of Armenia,Information Systems,Information Systems,,Bachelor,,Բանկային մարքեթինգի ավտոմա- տացված համակարգեր,Automated Systems of Banking Marketing,6.0,,,,,,,2025/2026,https://polytech.am/edu/information_systems/,Armenian,"npua_scrape: captured from public course list page; limited_metadata: source exposed course titles and credits only; no descriptions, prerequisites, or course codes"
NPUA-0101,National Polytechnic University of Armenia,Information Systems,Information Systems,,Bachelor,,"Բիզնես գործառույթների կառավարում, էլեկտրոնային կառավարում","Business Function Management, E-Governance",7.0,,,,,,,2025/2026,https://polytech.am/edu/information_systems/,Armenian,"npua_scrape: captured from public course list page; limited_metadata: source exposed course titles and credits only; no descriptions, prerequisites, or course codes"
NPUA-0102,National Polytechnic University of Armenia,Information Systems,Information Systems,,Bachelor,,"Ֆինանսական, ինվեստիցիոն, ստրատեգիական, համեմատական մենեջմենթի ավտոմատացված համակարգեր","Automated Systems for Financial, Investment, Strategic, and Comparative Management",4.0,,,,,,,2025/2026,https://polytech.am/edu/information_systems/,Armenian,"npua_scrape: captured from public course list page; limited_metadata: source exposed course titles and credits only; no descriptions, prerequisites, or course codes"
NPUA-0103,National Polytechnic University of Armenia,Information Systems,Information Systems,,Bachelor,,Էլեկտրոնային բիզնես և առևտուր,Electronic Business and Commerce,10.0,,,,,,,2025/2026,https://polytech.am/edu/information_systems/,Armenian,"npua_scrape: captured from public course list page; limited_metadata: source exposed course titles and credits only; no descriptions, prerequisites, or course codes"
NPUA-0104,National Polytechnic University of Armenia,Information Systems,Information Systems,,Bachelor,,Ինֆորմացիոն ցանցերի վարչարա րություն,Information Network Management,9.0,,,,,,,2025/2026,https://polytech.am/edu/information_systems/,Armenian,"npua_scrape: captured from public course list page; limited_metadata: source exposed course titles and credits only; no descriptions, prerequisites, or course codes"
NPUA-0105,National Polytechnic University of Armenia,Information Systems,Information Systems,,Bachelor,,Կազմակերպչական կառավարման համակարգերի ինֆորմացիոն և ծրագրային ապահովում,Information and Software Support for Organizational Management Systems,7.0,,,,,,,2025/2026,https://polytech.am/edu/information_systems/,Armenian,"npua_scrape: captured from public course list page; limited_metadata: source exposed course titles and credits only; no descriptions, prerequisites, or course codes"
NPUA-0106,National Polytechnic University of Armenia,Information Systems,Information Systems,,Bachelor,,Ինֆորմացիոն մշակման և կառավարման ավտոմատացված համակարգերի հիմունքներ և նախագծում,Fundamentals and Design of Automated Information Processing and Management Systems,8.0,,,,,,,2025/2026,https://polytech.am/edu/information_systems/,Armenian,"npua_scrape: captured from public course list page; limited_metadata: source exposed course titles and credits only; no descriptions, prerequisites, or course codes"
NPUA-0107,National Polytechnic University of Armenia,Information Systems,Information Systems,,Bachelor,,Համակարգային վերլու ծության մեթոդների կիրառումը ԿԿՀ-ում,Application of Systematic Analysis Methods in Decision Support Systems,8.0,,,,,,,2025/2026,https://polytech.am/edu/information_systems/,Armenian,"npua_scrape: captured from public course list page; limited_metadata: source exposed course titles and credits only; no descriptions, prerequisites, or course codes"
NPUA-0108,National Polytechnic University of Armenia,Information Systems,Information Systems,,Bachelor,,Ավտոմատացված համակարգերի հուսալիություն,Reliability of Automated Systems,7.0,,,,,,,2025/2026,https://polytech.am/edu/information_systems/,Armenian,"npua_scrape: captured from public course list page; limited_metadata: source exposed course titles and credits only; no descriptions, prerequisites, or course codes"
NPUA-0109,National Polytechnic University of Armenia,Information Systems,Information Systems,,Bachelor,,Տեղեկատվության մշակման և կառավարման իրական ժամանակի համակարգեր,Real-Time Information Processing and Management Systems,7.0,,,,,,,2025/2026,https://polytech.am/edu/information_systems/,Armenian,"npua_scrape: captured from public course list page; limited_metadata: source exposed course titles and credits only; no descriptions, prerequisites, or course codes"
NPUA-0110,National Polytechnic University of Armenia,Information Systems,Information Systems,,Bachelor,,Տեղեկատվության մշակման և կառավարման ինտեգրված համակարգեր,Integrated Systems for Information Processing and Management,8.0,,,,,,,2025/2026,https://polytech.am/edu/information_systems/,Armenian,"npua_scrape: captured from public course list page; limited_metadata: source exposed course titles and credits only; no descriptions, prerequisites, or course codes"
NPUA-0111,National Polytechnic University of Armenia,Information Systems,Information Systems,,Bachelor,,Տեղեկատվության մշակման և կառավարման բաշխված համակարգեր,Distributed Systems for Information Processing and Management,8.0,,,,,,,2025/2026,https://polytech.am/edu/information_systems/,Armenian,"npua_scrape: captured from public course list page; limited_metadata: source exposed course titles and credits only; no descriptions, prerequisites, or course codes"
NPUA-0112,National Polytechnic University of Armenia,Information Systems,Information Systems,,Bachelor,,Տեխնոլոգիական գործընթացների կառավարման համակարգերի հուսալիություն,Reliability of Technological Process Management Systems,7.0,,,,,,,2025/2026,https://polytech.am/edu/information_systems/,Armenian,"npua_scrape: captured from public course list page; limited_metadata: source exposed course titles and credits only; no descriptions, prerequisites, or course codes"
NPUA-0113,National Polytechnic University of Armenia,Informatics (Computer Science),Informatics (Computer Science),,Master,,Ընդհանուր հանրահաշիվ,General Calculus,5.0,,,,,,,2025/2026,https://polytech.am/edu/master-informatics-computer-science/,Armenian,"npua_scrape: captured from public course list page; limited_metadata: source exposed course titles and credits only; no descriptions, prerequisites, or course codes"
NPUA-0114,National Polytechnic University of Armenia,Informatics (Computer Science),Informatics (Computer Science),,Master,,Հարմոնիկ անալիզ,Harmonic Analysis,5.0,,,,,,,2025/2026,https://polytech.am/edu/master-informatics-computer-science/,Armenian,"npua_scrape: captured from public course list page; limited_metadata: source exposed course titles and credits only; no descriptions, prerequisites, or course codes"
NPUA-0115,National Polytechnic University of Armenia,Informatics (Computer Science),Informatics (Computer Science),,Master,,Դիֆերենցիալ հավասարումների լուծման թվային մեթոդներ,Numerical Methods for Solving Differential Equations,3.0,,,,,,,2025/2026,https://polytech.am/edu/master-informatics-computer-science/,Armenian,"npua_scrape: captured from public course list page; limited_metadata: source exposed course titles and credits only; no descriptions, prerequisites, or course codes"
NPUA-0116,National Polytechnic University of Armenia,Informatics (Computer Science),Informatics (Computer Science),,Master,,Մաթ.ֆիզ. հավասարումների լրացուցիչ բաժիններ,Supplementary Sections of Mathematical Physics Equations,5.0,,,,,,,2025/2026,https://polytech.am/edu/master-informatics-computer-science/,Armenian,"npua_scrape: captured from public course list page; limited_metadata: source exposed course titles and credits only; no descriptions, prerequisites, or course codes"
NPUA-0117,National Polytechnic University of Armenia,Informatics (Computer Science),Informatics (Computer Science),,Master,,Կոմպլեքս անալիզի լրացուցիչ բաժիններ,Advanced Topics in Complex Analysis,4.0,,,,,,,2025/2026,https://polytech.am/edu/master-informatics-computer-science/,Armenian,"npua_scrape: captured from public course list page; limited_metadata: source exposed course titles and credits only; no descriptions, prerequisites, or course codes"
NPUA-0118,National Polytechnic University of Armenia,Informatics (Computer Science),Informatics (Computer Science),,Master,,Ալգորիթմների բարդություն,Complexity of Algorithms,3.0,,,,,,,2025/2026,https://polytech.am/edu/master-informatics-computer-science/,Armenian,"npua_scrape: captured from public course list page; limited_metadata: source exposed course titles and credits only; no descriptions, prerequisites, or course codes"
NPUA-0119,National Polytechnic University of Armenia,Informatics (Computer Science),Informatics (Computer Science),,Master,,Ազդանշանների մշակման մաթեմատիկական հիմունքներ,Mathematical Foundations of Signal Processing,4.0,,,,,,,2025/2026,https://polytech.am/edu/master-informatics-computer-science/,Armenian,"npua_scrape: captured from public course list page; limited_metadata: source exposed course titles and credits only; no descriptions, prerequisites, or course codes"
NPUA-0120,National Polytechnic University of Armenia,Informatics (Computer Science),Informatics (Computer Science),,Master,,Դիսկրետ մաթեմատիկայի լրացուցիչ բաժիններ,Additional Topics in Discrete Mathematics,,,,,,,,2025/2026,https://polytech.am/edu/master-informatics-computer-science/,Armenian,"npua_scrape: captured from public course list page; limited_metadata: source exposed course titles and credits only; no descriptions, prerequisites, or course codes; missing_credits: credit value absent on source page"
NPUA-0121,National Polytechnic University of Armenia,Informatics (Computer Science),Informatics (Computer Science),,Master,,MATLAB ծրագրային փաթեթ 2,MATLAB Software Package 2,,,,,,,,2025/2026,https://polytech.am/edu/master-informatics-computer-science/,Armenian,"npua_scrape: captured from public course list page; limited_metadata: source exposed course titles and credits only; no descriptions, prerequisites, or course codes; missing_credits: credit value absent on source page"
NPUA-0122,National Polytechnic University of Armenia,Informatics (Computer Science),Informatics (Computer Science),,Master,,Ստացիոնար պատահական պրոցեսների վիճակագրություն և գուշակում,Statistics and Estimation of Stationary Random Processes,,,,,,,,2025/2026,https://polytech.am/edu/master-informatics-computer-science/,Armenian,"npua_scrape: captured from public course list page; limited_metadata: source exposed course titles and credits only; no descriptions, prerequisites, or course codes; missing_credits: credit value absent on source page"
NPUA-0123,National Polytechnic University of Armenia,Informatics (Computer Science),Informatics (Computer Science),,Master,,Եզրային խնդիրներ մասնական ածանցյալներով դիֆերենցիալ հավասարումների համար,Boundary Problems for Differential Equations with Partial Derivatives,,,,,,,,2025/2026,https://polytech.am/edu/master-informatics-computer-science/,Armenian,"npua_scrape: captured from public course list page; limited_metadata: source exposed course titles and credits only; no descriptions, prerequisites, or course codes; missing_credits: credit value absent on source page"
NPUA-0124,National Polytechnic University of Armenia,Informatics (Computer Science),Informatics (Computer Science),,Master,,Դիսկրետ ձևափոխությունների կիրառություններ ազդանշանների թվային մշակման համար,Applications of Discrete Transformations in Digital Signal Processing,,,,,,,,2025/2026,https://polytech.am/edu/master-informatics-computer-science/,Armenian,"npua_scrape: captured from public course list page; limited_metadata: source exposed course titles and credits only; no descriptions, prerequisites, or course codes; missing_credits: credit value absent on source page"
NPUA-0125,National Polytechnic University of Armenia,Informatics (Computer Science),Informatics (Computer Science),,Master,,Ինֆորմացիայի տեսություն,Theory of Information,,,,,,,,2025/2026,https://polytech.am/edu/master-informatics-computer-science/,Armenian,"npua_scrape: captured from public course list page; limited_metadata: source exposed course titles and credits only; no descriptions, prerequisites, or course codes; missing_credits: credit value absent on source page"
NPUA-0126,National Polytechnic University of Armenia,Informatics (Computer Science),Informatics (Computer Science),,Master,,Կորերի և մակերևույթների երկրաչափություն,Geometry of Curves and Surfaces,,,,,,,,2025/2026,https://polytech.am/edu/master-informatics-computer-science/,Armenian,"npua_scrape: captured from public course list page; limited_metadata: source exposed course titles and credits only; no descriptions, prerequisites, or course codes; missing_credits: credit value absent on source page"
NPUA-0127,National Polytechnic University of Armenia,Computer Engineering,Computer Engineering,,Master,,Ցանցային համակարգերի պաշտպանություն և անվտանգություն,Network Systems Protection and Security,5.0,,,,,,,2025/2026,https://polytech.am/edu/master_computer_engineering/,Armenian,"npua_scrape: captured from public course list page; limited_metadata: source exposed course titles and credits only; no descriptions, prerequisites, or course codes"
NPUA-0128,National Polytechnic University of Armenia,Computer Engineering,Computer Engineering,,Master,,Համակարգչային ցանցերի նախագծում և իրականացում,Design and Implementation of Computer Networks,5.0,,,,,,,2025/2026,https://polytech.am/edu/master_computer_engineering/,Armenian,"npua_scrape: captured from public course list page; limited_metadata: source exposed course titles and credits only; no descriptions, prerequisites, or course codes"
NPUA-0129,National Polytechnic University of Armenia,Computer Engineering,Computer Engineering,,Master,,Ժամանակակից ցանցային օպերացիոն համակարգերի համատեղելիության մեթոդներ և միջոցներ,Methods and Tools for Compatibility of Modern Network Operating Systems,5.0,,,,,,,2025/2026,https://polytech.am/edu/master_computer_engineering/,Armenian,"npua_scrape: captured from public course list page; limited_metadata: source exposed course titles and credits only; no descriptions, prerequisites, or course codes"
NPUA-0130,National Polytechnic University of Armenia,Computer Engineering,Computer Engineering,,Master,,Ցանցային համակարգերի կառավարման մեթոդներ և միջոցներ,Methods and Tools for Network System Management,5.0,,,,,,,2025/2026,https://polytech.am/edu/master_computer_engineering/,Armenian,"npua_scrape: captured from public course list page; limited_metadata: source exposed course titles and credits only; no descriptions, prerequisites, or course codes"
NPUA-0131,National Polytechnic University of Armenia,Computer Engineering,Computer Engineering,,Master,,Զուգահեռ համակարգչային ճարտարապետություններ,Parallel Computer Architectures,5.0,,,,,,,2025/2026,https://polytech.am/edu/master_computer_engineering/,Armenian,"npua_scrape: captured from public course list page; limited_metadata: source exposed course titles and credits only; no descriptions, prerequisites, or course codes"
NPUA-0132,National Polytechnic University of Armenia,Computer Engineering,Computer Engineering,,Master,,Կլաստերային համակարգեր և գրիդ տեխնոլոգաներ,Cluster Systems and Grid Technologies,4.0,,,,,,,2025/2026,https://polytech.am/edu/master_computer_engineering/,Armenian,"npua_scrape: captured from public course list page; limited_metadata: source exposed course titles and credits only; no descriptions, prerequisites, or course codes"
NPUA-0133,National Polytechnic University of Armenia,Computer Engineering,Computer Engineering,,Master,,Ժամանակակից պրոցեսորներում գաղտնագրման մեթոդների ապարատային իրականացում,Hardware Implementation of Cryptographic Methods in Modern Processors,,,,,,,,2025/2026,https://polytech.am/edu/master_computer_engineering/,Armenian,"npua_scrape: captured from public course list page; limited_metadata: source exposed course titles and credits only; no descriptions, prerequisites, or course codes; missing_credits: credit value absent on source page"
NPUA-0134,National Polytechnic University of Armenia,Computer Engineering,Computer Engineering,,Master,,Հաշվողական համակարգերի և ցանցերի սերվերներ,Servers of Computing Systems and Networks,,,,,,,,2025/2026,https://polytech.am/edu/master_computer_engineering/,Armenian,"npua_scrape: captured from public course list page; limited_metadata: source exposed course titles and credits only; no descriptions, prerequisites, or course codes; missing_credits: credit value absent on source page"
NPUA-0135,National Polytechnic University of Armenia,Computer Engineering,Computer Engineering,,Master,,Հաշվողական համակարգերի թեստավորման ապարատածրագրային միջոցներ,Testing Tools for Computing Systems,,,,,,,,2025/2026,https://polytech.am/edu/master_computer_engineering/,Armenian,"npua_scrape: captured from public course list page; limited_metadata: source exposed course titles and credits only; no descriptions, prerequisites, or course codes; missing_credits: credit value absent on source page"
NPUA-0136,National Polytechnic University of Armenia,Computer Engineering,Computer Engineering,,Master,,Նոր սերնդի ցանցային տեխնոլոգիաներ,Next-Generation Networking Technologies,,,,,,,,2025/2026,https://polytech.am/edu/master_computer_engineering/,Armenian,"npua_scrape: captured from public course list page; limited_metadata: source exposed course titles and credits only; no descriptions, prerequisites, or course codes; missing_credits: credit value absent on source page"
NPUA-0137,National Polytechnic University of Armenia,Computer Engineering,Computer Engineering,,Master,,Հեռահաղորդակցական ցանցային սարքերի և սարքավորումների ընտրության գործիքամիջոցներ,Tools for Selecting Telecommunication Network Devices and Equipment,,,,,,,,2025/2026,https://polytech.am/edu/master_computer_engineering/,Armenian,"npua_scrape: captured from public course list page; limited_metadata: source exposed course titles and credits only; no descriptions, prerequisites, or course codes; missing_credits: credit value absent on source page"
NPUA-0138,National Polytechnic University of Armenia,Computer Engineering,Computer Engineering,,Master,,Նեյրոնային ցանցեր,Neural Networks,,,,,,,,2025/2026,https://polytech.am/edu/master_computer_engineering/,Armenian,"npua_scrape: captured from public course list page; limited_metadata: source exposed course titles and credits only; no descriptions, prerequisites, or course codes; missing_credits: credit value absent on source page"
NPUA-0139,National Polytechnic University of Armenia,Computer Engineering,Computer Engineering,,Master,,Հաշվողական համակարգերի արտաքին սարքեր,External Devices of Computing Systems,,,,,,,,2025/2026,https://polytech.am/edu/master_computer_engineering/,Armenian,"npua_scrape: captured from public course list page; limited_metadata: source exposed course titles and credits only; no descriptions, prerequisites, or course codes; missing_credits: credit value absent on source page"
NPUA-0140,National Polytechnic University of Armenia,Computer Engineering,Computer Engineering,,Master,,Հաշվողական միջոցների ժամանակակից էլեմենտային բազա,Modern Elemental Base of Computational Methods,,,,,,,,2025/2026,https://polytech.am/edu/master_computer_engineering/,Armenian,"npua_scrape: captured from public course list page; limited_metadata: source exposed course titles and credits only; no descriptions, prerequisites, or course codes; missing_credits: credit value absent on source page"
NPUA-0141,National Polytechnic University of Armenia,Computer Engineering,Computer Engineering,,Master,,Հաշվողական համակարգերի և ցանցերի չափագրման գործիքամիջոցներ,Tools for Measuring Computational Systems and Networks,,,,,,,,2025/2026,https://polytech.am/edu/master_computer_engineering/,Armenian,"npua_scrape: captured from public course list page; limited_metadata: source exposed course titles and credits only; no descriptions, prerequisites, or course codes; missing_credits: credit value absent on source page"
NPUA-0142,National Polytechnic University of Armenia,Information Systems,Information Systems,,Master,,Համակարգային վերլուծություն և մաթեմատիկական մոդելավորում,Systems Analysis and Mathematical Modeling,5.0,,,,,,,2025/2026,https://polytech.am/edu/master_information_systems/,Armenian,"npua_scrape: captured from public course list page; limited_metadata: source exposed course titles and credits only; no descriptions, prerequisites, or course codes"
NPUA-0143,National Polytechnic University of Armenia,Information Systems,Information Systems,,Master,,"Վճիռների կայացման տեսություն, նեյրոնային ցանցեր, գենետիկ ալգորիթմներ","Decision-Making Theory, Neural Networks, Genetic Algorithms",5.0,,,,,,,2025/2026,https://polytech.am/edu/master_information_systems/,Armenian,"npua_scrape: captured from public course list page; limited_metadata: source exposed course titles and credits only; no descriptions, prerequisites, or course codes"
NPUA-0144,National Polytechnic University of Armenia,Information Systems,Information Systems,,Master,,Տեղեկատվական համակարգերի նախագծում,Design of Information Systems,5.0,,,,,,,2025/2026,https://polytech.am/edu/master_information_systems/,Armenian,"npua_scrape: captured from public course list page; limited_metadata: source exposed course titles and credits only; no descriptions, prerequisites, or course codes"
NPUA-0145,National Polytechnic University of Armenia,Information Systems,Information Systems,,Master,,IT նախագծերի կառավարում,IT Project Management,5.0,,,,,,,2025/2026,https://polytech.am/edu/master_information_systems/,Armenian,"npua_scrape: captured from public course list page; limited_metadata: source exposed course titles and credits only; no descriptions, prerequisites, or course codes"
NPUA-0146,National Polytechnic University of Armenia,Information Systems,Information Systems,,Master,,Ծրագրային ճարտարագիտության մեթոդներ և միջոցներ,Methods and Tools of Software Engineering,5.0,,,,,,,2025/2026,https://polytech.am/edu/master_information_systems/,Armenian,"npua_scrape: captured from public course list page; limited_metadata: source exposed course titles and credits only; no descriptions, prerequisites, or course codes"
NPUA-0147,National Polytechnic University of Armenia,Information Systems,Information Systems,,Master,,Դիֆերենցիալ ձևափոխություններ,Differential Transformations,4.0,,,,,,,2025/2026,https://polytech.am/edu/master_information_systems/,Armenian,"npua_scrape: captured from public course list page; limited_metadata: source exposed course titles and credits only; no descriptions, prerequisites, or course codes"
NPUA-0148,National Polytechnic University of Armenia,Information Systems,Information Systems,,Master,,Կորպորատիվ տեղեկատվական համակարգեր,Corporate Information Systems,,,,,,,,2025/2026,https://polytech.am/edu/master_information_systems/,Armenian,"npua_scrape: captured from public course list page; limited_metadata: source exposed course titles and credits only; no descriptions, prerequisites, or course codes; missing_credits: credit value absent on source page"
NPUA-0149,National Polytechnic University of Armenia,Information Systems,Information Systems,,Master,,Ինտելեկտուալ տեղեկատվական համակարգեր,Intelligent Information Systems,,,,,,,,2025/2026,https://polytech.am/edu/master_information_systems/,Armenian,"npua_scrape: captured from public course list page; limited_metadata: source exposed course titles and credits only; no descriptions, prerequisites, or course codes; missing_credits: credit value absent on source page"
NPUA-0150,National Polytechnic University of Armenia,Information Systems,Information Systems,,Master,,Բիզնես մոդելավորում,Business Modeling,,,,,,,,2025/2026,https://polytech.am/edu/master_information_systems/,Armenian,"npua_scrape: captured from public course list page; limited_metadata: source exposed course titles and credits only; no descriptions, prerequisites, or course codes; missing_credits: credit value absent on source page"
NPUA-0151,National Polytechnic University of Armenia,Information Systems,Information Systems,,Master,,Սոցիալ տնտեսական համակարգերի վերլուծություն և բազմաագենտ մոդելավորում,Analysis of Socio-Economic Systems and Multi-Agent Modeling,,,,,,,,2025/2026,https://polytech.am/edu/master_information_systems/,Armenian,"npua_scrape: captured from public course list page; limited_metadata: source exposed course titles and credits only; no descriptions, prerequisites, or course codes; missing_credits: credit value absent on source page"
NPUA-0152,National Polytechnic University of Armenia,Information Systems,Information Systems,,Master,,Տվյալների մշակման ալգորիթմների կառուցում և վերլուծություն,Construction and Analysis of Data Processing Algorithms,,,,,,,,2025/2026,https://polytech.am/edu/master_information_systems/,Armenian,"npua_scrape: captured from public course list page; limited_metadata: source exposed course titles and credits only; no descriptions, prerequisites, or course codes; missing_credits: credit value absent on source page"
NPUA-0153,National Polytechnic University of Armenia,Information Systems,Information Systems,,Master,,Գրաֆիկական ինֆորմացիայի մշակման ծրագրասարքավորումային միջոցներ,Graphical Information Processing Software Tools,,,,,,,,2025/2026,https://polytech.am/edu/master_information_systems/,Armenian,"npua_scrape: captured from public course list page; limited_metadata: source exposed course titles and credits only; no descriptions, prerequisites, or course codes; missing_credits: credit value absent on source page"
NPUA-0154,National Polytechnic University of Armenia,Information Systems,Information Systems,,Master,,Ճարտարագիտական խնդիրների լուծման կիրառական ծրագրերի փաթեթներ,Applied Software Packages for Engineering Problem Solving,,,,,,,,2025/2026,https://polytech.am/edu/master_information_systems/,Armenian,"npua_scrape: captured from public course list page; limited_metadata: source exposed course titles and credits only; no descriptions, prerequisites, or course codes; missing_credits: credit value absent on source page"
NPUA-0155,National Polytechnic University of Armenia,Information Systems,Information Systems,,Master,,Համակարգերի ինֆորմացիոն տեսություն,Information Theory of Systems,,,,,,,,2025/2026,https://polytech.am/edu/master_information_systems/,Armenian,"npua_scrape: captured from public course list page; limited_metadata: source exposed course titles and credits only; no descriptions, prerequisites, or course codes; missing_credits: credit value absent on source page"
NPUA-0156,National Polytechnic University of Armenia,Information Systems,Information Systems,,Master,,Տեխնիկական փաստաթղթերի մշակման ժամանակակից տեխնոլոգիաներ,Modern Technologies for Technical Document Development,,,,,,,,2025/2026,https://polytech.am/edu/master_information_systems/,Armenian,"npua_scrape: captured from public course list page; limited_metadata: source exposed course titles and credits only; no descriptions, prerequisites, or course codes; missing_credits: credit value absent on source page"
NPUA-0157,National Polytechnic University of Armenia,Information Systems,Information Systems,,Master,,Ռազմավարական նախագծերի վերլուծություն,Analysis of Strategic Projects,,,,,,,,2025/2026,https://polytech.am/edu/master_information_systems/,Armenian,"npua_scrape: captured from public course list page; limited_metadata: source exposed course titles and credits only; no descriptions, prerequisites, or course codes; missing_credits: credit value absent on source page"
NPUA-0158,National Polytechnic University of Armenia,Information Systems,Information Systems,,Master,,Ինտելեկտուալ սեփականության պաշտպանություն,Intellectual Property Protection,,,,,,,,2025/2026,https://polytech.am/edu/master_information_systems/,Armenian,"npua_scrape: captured from public course list page; limited_metadata: source exposed course titles and credits only; no descriptions, prerequisites, or course codes; missing_credits: credit value absent on source page"
NPUA-0159,National Polytechnic University of Armenia,Software Engineering,Software Engineering,,Master,,Որոնման տեղեկատվական համակարգեր (Ծրագրային ճարտարագիտություն ԿԾ-ի համար),Information Retrieval Systems (Software Engineering for Computer Science),5.0,,,,,,,2025/2026,https://polytech.am/edu/master_software_engineering-2/,Armenian,"npua_scrape: captured from public course list page; limited_metadata: source exposed course titles and credits only; no descriptions, prerequisites, or course codes"
NPUA-0160,National Polytechnic University of Armenia,Software Engineering,Software Engineering,,Master,,Ծրագրային ճարտարագիտության մեթոդաբանություն (Ծրագրային ճարտարագիտություն ԿԾ-ի համար),Methodology of Software Engineering (Software Engineering for CS),5.0,,,,,,,2025/2026,https://polytech.am/edu/master_software_engineering-2/,Armenian,"npua_scrape: captured from public course list page; limited_metadata: source exposed course titles and credits only; no descriptions, prerequisites, or course codes"
NPUA-0161,National Polytechnic University of Armenia,Software Engineering,Software Engineering,,Master,,Որոշումների կայացման տեսություն,Decision-Making Theory,5.0,,,,,,,2025/2026,https://polytech.am/edu/master_software_engineering-2/,Armenian,"npua_scrape: captured from public course list page; limited_metadata: source exposed course titles and credits only; no descriptions, prerequisites, or course codes"
NPUA-0162,National Polytechnic University of Armenia,Software Engineering,Software Engineering,,Master,,Ծրագրավորման ոճեր և մեթոդներ,Programming Styles and Methods,4.0,,,,,,,2025/2026,https://polytech.am/edu/master_software_engineering-2/,Armenian,"npua_scrape: captured from public course list page; limited_metadata: source exposed course titles and credits only; no descriptions, prerequisites, or course codes"
NPUA-0163,National Polytechnic University of Armenia,Software Engineering,Software Engineering,,Master,,Ալգորիթմների տեսություն և տվյալների կառուցվածք,Theory of Algorithms and Data Structures,5.0,,,,,,,2025/2026,https://polytech.am/edu/master_software_engineering-2/,Armenian,"npua_scrape: captured from public course list page; limited_metadata: source exposed course titles and credits only; no descriptions, prerequisites, or course codes"
NPUA-0164,National Polytechnic University of Armenia,Software Engineering,Software Engineering,,Master,,Առաջադեմ Web – տեխնոլոգիաներ,Advanced Web Technologies,5.0,,,,,,,2025/2026,https://polytech.am/edu/master_software_engineering-2/,Armenian,"npua_scrape: captured from public course list page; limited_metadata: source exposed course titles and credits only; no descriptions, prerequisites, or course codes"
NPUA-0165,National Polytechnic University of Armenia,Software Engineering,Software Engineering,,Master,,ներդրված համակարգեր,Embedded Systems,4.0,,,,,,,2025/2026,https://polytech.am/edu/master_software_engineering-2/,Armenian,"npua_scrape: captured from public course list page; limited_metadata: source exposed course titles and credits only; no descriptions, prerequisites, or course codes"
NPUA-0166,National Polytechnic University of Armenia,Software Engineering,Software Engineering,,Master,,Ծրագրային միջոցների մշակման ժամանակակից գրադարաններ,Modern Libraries for Software Development Tools,5.0,,,,,,,2025/2026,https://polytech.am/edu/master_software_engineering-2/,Armenian,"npua_scrape: captured from public course list page; limited_metadata: source exposed course titles and credits only; no descriptions, prerequisites, or course codes"
NPUA-0167,National Polytechnic University of Armenia,Software Engineering,Software Engineering,,Master,,Ծրագրային գործիքային միջոցների ստուգում և գնահատում,Testing and Evaluation of Software Tools,5.0,,,,,,,2025/2026,https://polytech.am/edu/master_software_engineering-2/,Armenian,"npua_scrape: captured from public course list page; limited_metadata: source exposed course titles and credits only; no descriptions, prerequisites, or course codes"
NPUA-0168,National Polytechnic University of Armenia,Software Engineering,Software Engineering,,Master,,Տվյալների բազաներ,Database Systems,5.0,,,,,,,2025/2026,https://polytech.am/edu/master_software_engineering-2/,Armenian,"npua_scrape: captured from public course list page; limited_metadata: source exposed course titles and credits only; no descriptions, prerequisites, or course codes"
NPUA-0169,National Polytechnic University of Armenia,Software Engineering,Software Engineering,,Master,,Մասնագիտացված հատուկ սարքավորումների ծրագրավորում,Programming of Specialized Equipment,,,,,,,,2025/2026,https://polytech.am/edu/master_software_engineering-2/,Armenian,"npua_scrape: captured from public course list page; limited_metadata: source exposed course titles and credits only; no descriptions, prerequisites, or course codes; missing_credits: credit value absent on source page"
NPUA-0170,National Polytechnic University of Armenia,Software Engineering,Software Engineering,,Master,,Web – տեխնոլոգիաներ,Web Technologies,,,,,,,,2025/2026,https://polytech.am/edu/master_software_engineering-2/,Armenian,"npua_scrape: captured from public course list page; limited_metadata: source exposed course titles and credits only; no descriptions, prerequisites, or course codes; missing_credits: credit value absent on source page"
NPUA-0171,National Polytechnic University of Armenia,Software Engineering,Software Engineering,,Master,,Արհեստական բանականության ծրագրա-գործիքային միջոցներ,Artificial Intelligence Programming Tools,,,,,,,,2025/2026,https://polytech.am/edu/master_software_engineering-2/,Armenian,"npua_scrape: captured from public course list page; limited_metadata: source exposed course titles and credits only; no descriptions, prerequisites, or course codes; missing_credits: credit value absent on source page"
NPUA-0172,National Polytechnic University of Armenia,Software Engineering,Software Engineering,,Master,,Ձեռնարկատիրությունը ծրագրային ճարտարագիտության ոլորտում,Entrepreneurship in Software Engineering,,,,,,,,2025/2026,https://polytech.am/edu/master_software_engineering-2/,Armenian,"npua_scrape: captured from public course list page; limited_metadata: source exposed course titles and credits only; no descriptions, prerequisites, or course codes; missing_credits: credit value absent on source page"
NPUA-0173,National Polytechnic University of Armenia,Software Engineering,Software Engineering,,Master,,Ձեռնարկատիրությունը տեղեկատվական տեխնոլոգիաների բնագավառում,Entrepreneurship in Information Technology,,,,,,,,2025/2026,https://polytech.am/edu/master_software_engineering-2/,Armenian,"npua_scrape: captured from public course list page; limited_metadata: source exposed course titles and credits only; no descriptions, prerequisites, or course codes; missing_credits: credit value absent on source page"
NPUA-0174,National Polytechnic University of Armenia,Software Engineering,Software Engineering,,Master,,Գործողությունների հետազոտում,Research of Actions,,,,,,,,2025/2026,https://polytech.am/edu/master_software_engineering-2/,Armenian,"npua_scrape: captured from public course list page; limited_metadata: source exposed course titles and credits only; no descriptions, prerequisites, or course codes; missing_credits: credit value absent on source page"
NPUA-0175,National Polytechnic University of Armenia,Software Engineering,Software Engineering,,Master,,Գերմեծ ինտեգրալ սխեմաների միջմիացումների մոդելավորում և օպտիմալացում,Modeling and Optimization of Interconnections in Large Integral Schemes,,,,,,,,2025/2026,https://polytech.am/edu/master_software_engineering-2/,Armenian,"npua_scrape: captured from public course list page; limited_metadata: source exposed course titles and credits only; no descriptions, prerequisites, or course codes; missing_credits: credit value absent on source page"
NPUA-0176,National Polytechnic University of Armenia,Software Engineering,Software Engineering,,Master,,Տեղեկատվության պաշտպանություն և անվտանգություն,Information Protection and Security,,,,,,,,2025/2026,https://polytech.am/edu/master_software_engineering-2/,Armenian,"npua_scrape: captured from public course list page; limited_metadata: source exposed course titles and credits only; no descriptions, prerequisites, or course codes; missing_credits: credit value absent on source page"
NPUA-0177,National Polytechnic University of Armenia,Software Engineering,Software Engineering,,Master,,Մասնագիտացված հաշվողական միջոցներ,Specialized Computational Methods,,,,,,,,2025/2026,https://polytech.am/edu/master_software_engineering-2/,Armenian,"npua_scrape: captured from public course list page; limited_metadata: source exposed course titles and credits only; no descriptions, prerequisites, or course codes; missing_credits: credit value absent on source page"
NPUA-0178,National Polytechnic University of Armenia,Software Engineering,Software Engineering,,Master,,Հաշվողական համակարգերի և ցանցերի ապարատածրագրային միջոցներ,Hardware and Software Solutions for Computing Systems and Networks,,,,,,,,2025/2026,https://polytech.am/edu/master_software_engineering-2/,Armenian,"npua_scrape: captured from public course list page; limited_metadata: source exposed course titles and credits only; no descriptions, prerequisites, or course codes; missing_credits: credit value absent on source page"
NPUA-0179,National Polytechnic University of Armenia,Software Engineering,Software Engineering,,Master,,Տեղեկատվության մշակման և հաղորդման օպտոէլեկտրոնային տարրեր,Optoelectronic Elements for Information Processing and Transmission,,,,,,,,2025/2026,https://polytech.am/edu/master_software_engineering-2/,Armenian,"npua_scrape: captured from public course list page; limited_metadata: source exposed course titles and credits only; no descriptions, prerequisites, or course codes; missing_credits: credit value absent on source page"
NPUA-0180,National Polytechnic University of Armenia,Software Engineering,Software Engineering,,Master,,Ավտոմատացված նախագծման մաթեմատիկական մեթոդներ,Mathematical Methods for Automated Design,,,,,,,,2025/2026,https://polytech.am/edu/master_software_engineering-2/,Armenian,"npua_scrape: captured from public course list page; limited_metadata: source exposed course titles and credits only; no descriptions, prerequisites, or course codes; missing_credits: credit value absent on source page"
NPUA-0181,National Polytechnic University of Armenia,Software Engineering,Software Engineering,,Master,,Էլեկտրոնային ավտոմատացված նախագծման ծրագրային գործիքային միջոցներ,Electronic Automated Design Software Tools,,,,,,,,2025/2026,https://polytech.am/edu/master_software_engineering-2/,Armenian,"npua_scrape: captured from public course list page; limited_metadata: source exposed course titles and credits only; no descriptions, prerequisites, or course codes; missing_credits: credit value absent on source page"
NPUA-0182,National Polytechnic University of Armenia,Software Engineering,Software Engineering,,Master,,Ազդանշանների թվային մշակում,Digital Signal Processing,,,,,,,,2025/2026,https://polytech.am/edu/master_software_engineering-2/,Armenian,"npua_scrape: captured from public course list page; limited_metadata: source exposed course titles and credits only; no descriptions, prerequisites, or course codes; missing_credits: credit value absent on source page"
NPUA-0183,National Polytechnic University of Armenia,Software Engineering,Software Engineering,,Master,,Զուգահեռ ընթացակարգերի ծրագրավորում,Parallel Programming Techniques,,,,,,,,2025/2026,https://polytech.am/edu/master_software_engineering-2/,Armenian,"npua_scrape: captured from public course list page; limited_metadata: source exposed course titles and credits only; no descriptions, prerequisites, or course codes; missing_credits: credit value absent on source page"
NPUA-0184,National Polytechnic University of Armenia,Software Engineering,Software Engineering,,Master,,Ամպային հաշվարկներ,Cloud Computing,,,,,,,,2025/2026,https://polytech.am/edu/master_software_engineering-2/,Armenian,"npua_scrape: captured from public course list page; limited_metadata: source exposed course titles and credits only; no descriptions, prerequisites, or course codes; missing_credits: credit value absent on source page"
NPUA-0185,National Polytechnic University of Armenia,Software Engineering,Software Engineering,,Master,,Համակարգային վերլուծություն և գործընթացների մաթեմատիկական մոդելներ,Systems Analysis and Mathematical Models of Processes,,,,,,,,2025/2026,https://polytech.am/edu/master_software_engineering-2/,Armenian,"npua_scrape: captured from public course list page; limited_metadata: source exposed course titles and credits only; no descriptions, prerequisites, or course codes; missing_credits: credit value absent on source page"
NPUA-0186,National Polytechnic University of Armenia,Software Engineering,Software Engineering,,Master,,Հաշվողական միջոցների ժամանակակից էլեմենտային բազա,Modern Elemental Base of Computational Methods,,,,,,,,2025/2026,https://polytech.am/edu/master_software_engineering-2/,Armenian,"npua_scrape: captured from public course list page; limited_metadata: source exposed course titles and credits only; no descriptions, prerequisites, or course codes; missing_credits: credit value absent on source page"
NPUA-0187,National Polytechnic University of Armenia,Software Engineering,Software Engineering,,Master,,Ավտոմատացված նախագծման համակարգեր,Automated Design Systems,,,,,,,,2025/2026,https://polytech.am/edu/master_software_engineering-2/,Armenian,"npua_scrape: captured from public course list page; limited_metadata: source exposed course titles and credits only; no descriptions, prerequisites, or course codes; missing_credits: credit value absent on source page"
NPUA-0188,National Polytechnic University of Armenia,Software Engineering,Software Engineering,,Master,,Գերմեծ ինտեգրալ սխեմաների ֆիզիկական նախագծման ալգորիթմներ,Algorithms for Physical Design of Large Integrated Circuits,,,,,,,,2025/2026,https://polytech.am/edu/master_software_engineering-2/,Armenian,"npua_scrape: captured from public course list page; limited_metadata: source exposed course titles and credits only; no descriptions, prerequisites, or course codes; missing_credits: credit value absent on source page"
NPUA-0189,National Polytechnic University of Armenia,Software Engineering,Software Engineering,,Master,,Գերմեծ ինտեգրալ սխեմաների ստուգման ալգորիթմներ,Algorithms for Verification of Large Integral Schemes,,,,,,,,2025/2026,https://polytech.am/edu/master_software_engineering-2/,Armenian,"npua_scrape: captured from public course list page; limited_metadata: source exposed course titles and credits only; no descriptions, prerequisites, or course codes; missing_credits: credit value absent on source page"
NPUA-0190,National Polytechnic University of Armenia,Software Engineering,Software Engineering,,Bachelor,,Ինֆորմատիկայի մաթեմատիկական Հիմունքներ,Mathematical Foundations of Informatics,4.0,,,,,,,2025/2026,https://polytech.am/edu/software_engineering/,Armenian,"npua_scrape: captured from public course list page; limited_metadata: source exposed course titles and credits only; no descriptions, prerequisites, or course codes"
NPUA-0191,National Polytechnic University of Armenia,Software Engineering,Software Engineering,,Bachelor,,Ծրագրային ճարտարապետության մաթեմատիկական հիմունքներ,Mathematical Foundations of Software Architecture,4.0,,,,,,,2025/2026,https://polytech.am/edu/software_engineering/,Armenian,"npua_scrape: captured from public course list page; limited_metadata: source exposed course titles and credits only; no descriptions, prerequisites, or course codes"
NPUA-0192,National Polytechnic University of Armenia,Software Engineering,Software Engineering,,Bachelor,,Ավտոմատների կիրառական տեսություն,Applied Theory of Automata,5.0,,,,,,,2025/2026,https://polytech.am/edu/software_engineering/,Armenian,"npua_scrape: captured from public course list page; limited_metadata: source exposed course titles and credits only; no descriptions, prerequisites, or course codes"
NPUA-0193,National Polytechnic University of Armenia,Software Engineering,Software Engineering,,Bachelor,,Ճարտարագիտական մոդելավորում,Engineering Modeling,3.0,,,,,,,2025/2026,https://polytech.am/edu/software_engineering/,Armenian,"npua_scrape: captured from public course list page; limited_metadata: source exposed course titles and credits only; no descriptions, prerequisites, or course codes"
NPUA-0194,National Polytechnic University of Armenia,Software Engineering,Software Engineering,,Bachelor,,Հաշվողական համակարգերի ծրագրային ապահովում և ճարտարապետություն,Software Development and Architecture of Computing Systems,7.0,,,,,,,2025/2026,https://polytech.am/edu/software_engineering/,Armenian,"npua_scrape: captured from public course list page; limited_metadata: source exposed course titles and credits only; no descriptions, prerequisites, or course codes"
NPUA-0195,National Polytechnic University of Armenia,Software Engineering,Software Engineering,,Bachelor,,Համակարգային ծրագրավորում,System Programming,5.0,,,,,,,2025/2026,https://polytech.am/edu/software_engineering/,Armenian,"npua_scrape: captured from public course list page; limited_metadata: source exposed course titles and credits only; no descriptions, prerequisites, or course codes"
NPUA-0196,National Polytechnic University of Armenia,Software Engineering,Software Engineering,,Bachelor,,Օպերացիոն համակարգեր,Operating Systems,8.0,,,,,,,2025/2026,https://polytech.am/edu/software_engineering/,Armenian,"npua_scrape: captured from public course list page; limited_metadata: source exposed course titles and credits only; no descriptions, prerequisites, or course codes"
NPUA-0197,National Polytechnic University of Armenia,Software Engineering,Software Engineering,,Bachelor,,Ծրագրային համակարգերի պաշտպանություն,Protection of Software Systems,6.0,,,,,,,2025/2026,https://polytech.am/edu/software_engineering/,Armenian,"npua_scrape: captured from public course list page; limited_metadata: source exposed course titles and credits only; no descriptions, prerequisites, or course codes"
NPUA-0198,National Polytechnic University of Armenia,Software Engineering,Software Engineering,,Bachelor,,Տվյալների բազաների նախագծման Տեխնոլագիաներ,Database Design Technologies,5.0,,,,,,,2025/2026,https://polytech.am/edu/software_engineering/,Armenian,"npua_scrape: captured from public course list page; limited_metadata: source exposed course titles and credits only; no descriptions, prerequisites, or course codes"
NPUA-0199,National Polytechnic University of Armenia,Software Engineering,Software Engineering,,Bachelor,,Քոմփյութերային ցանցերի ծրագրավորում,Computer Network Programming,8.0,,,,,,,2025/2026,https://polytech.am/edu/software_engineering/,Armenian,"npua_scrape: captured from public course list page; limited_metadata: source exposed course titles and credits only; no descriptions, prerequisites, or course codes"
NPUA-0200,National Polytechnic University of Armenia,Software Engineering,Software Engineering,,Bachelor,,Ծրագրային ապահովման նախագծում,Software Design,5.0,,,,,,,2025/2026,https://polytech.am/edu/software_engineering/,Armenian,"npua_scrape: captured from public course list page; limited_metadata: source exposed course titles and credits only; no descriptions, prerequisites, or course codes"
NPUA-0201,National Polytechnic University of Armenia,Software Engineering,Software Engineering,,Bachelor,,WEB-ծրագրավորում,Web Programming,4.0,,,,,,,2025/2026,https://polytech.am/edu/software_engineering/,Armenian,"npua_scrape: captured from public course list page; limited_metadata: source exposed course titles and credits only; no descriptions, prerequisites, or course codes"
NPUA-0202,National Polytechnic University of Armenia,Software Engineering,Software Engineering,,Bachelor,,Ծրագրավորման տեխնոլոգիա,Programming Technology,13.0,,,,,,,2025/2026,https://polytech.am/edu/software_engineering/,Armenian,"npua_scrape: captured from public course list page; limited_metadata: source exposed course titles and credits only; no descriptions, prerequisites, or course codes"
NPUA-0203,National Polytechnic University of Armenia,Software Engineering,Software Engineering,,Bachelor,,Օբյեկտ-կողմնորոշված ծրագրավորում,Object-Oriented Programming,5.0,,,,,,,2025/2026,https://polytech.am/edu/software_engineering/,Armenian,"npua_scrape: captured from public course list page; limited_metadata: source exposed course titles and credits only; no descriptions, prerequisites, or course codes"
NPUA-0204,National Polytechnic University of Armenia,Software Engineering,Software Engineering,,Bachelor,,Ծրագրավորում NET միջավայրում,Programming in the .NET Environment,6.0,,,,,,,2025/2026,https://polytech.am/edu/software_engineering/,Armenian,"npua_scrape: captured from public course list page; limited_metadata: source exposed course titles and credits only; no descriptions, prerequisites, or course codes"
NPUA-0205,National Polytechnic University of Armenia,Software Engineering,Software Engineering,,Bachelor,,Ծրագրերի թեստավորում,Software Testing,5.0,,,,,,,2025/2026,https://polytech.am/edu/software_engineering/,Armenian,"npua_scrape: captured from public course list page; limited_metadata: source exposed course titles and credits only; no descriptions, prerequisites, or course codes"
NPUA-0206,National Polytechnic University of Armenia,Software Engineering,Software Engineering,,Bachelor,,Մոբայլ կիրառությունների նախագծում,Mobile Application Development,6.0,,,,,,,2025/2026,https://polytech.am/edu/software_engineering/,Armenian,"npua_scrape: captured from public course list page; limited_metadata: source exposed course titles and credits only; no descriptions, prerequisites, or course codes"
NPUA-0207,National Polytechnic University of Armenia,Software Engineering,Software Engineering,,Bachelor,,Ցանցերի կազմակերպում,Network Organization,2.0,,,,,,,2025/2026,https://polytech.am/edu/software_engineering/,Armenian,"npua_scrape: captured from public course list page; limited_metadata: source exposed course titles and credits only; no descriptions, prerequisites, or course codes"
NPUA-0208,National Polytechnic University of Armenia,Software Engineering,Software Engineering,,Bachelor,,Էլեկտրոնային նախագծման ավտոմատացման Ներածություն,Introduction to Electronic Design Automation,2.0,,,,,,,2025/2026,https://polytech.am/edu/software_engineering/,Armenian,"npua_scrape: captured from public course list page; limited_metadata: source exposed course titles and credits only; no descriptions, prerequisites, or course codes"
NPUA-0209,National Polytechnic University of Armenia,Software Engineering,Software Engineering,,Bachelor,,Տեխնիկական գրագրություն,Technical Writing,3.0,,,,,,,2025/2026,https://polytech.am/edu/software_engineering/,Armenian,"npua_scrape: captured from public course list page; limited_metadata: source exposed course titles and credits only; no descriptions, prerequisites, or course codes"
NPUA-0210,National Polytechnic University of Armenia,Software Engineering,Software Engineering,,Bachelor,,Քոմփյութերների ճարտարապետություն և օպերացիոն համակարգեր,Computer Architecture and Operating Systems,2.0,,,,,,,2025/2026,https://polytech.am/edu/software_engineering/,Armenian,"npua_scrape: captured from public course list page; limited_metadata: source exposed course titles and credits only; no descriptions, prerequisites, or course codes"
NPUA-0211,National Polytechnic University of Armenia,Software Engineering,Software Engineering,,Bachelor,,Թվային ինտեգրալ սխեմաներ,Digital Integral Schemes,4.0,,,,,,,2025/2026,https://polytech.am/edu/software_engineering/,Armenian,"npua_scrape: captured from public course list page; limited_metadata: source exposed course titles and credits only; no descriptions, prerequisites, or course codes"
NPUA-0212,National Polytechnic University of Armenia,Software Engineering,Software Engineering,,Bachelor,,Անալոգային ինտեգրալ սխեմաներ,Analog Integrated Circuits,4.0,,,,,,,2025/2026,https://polytech.am/edu/software_engineering/,Armenian,"npua_scrape: captured from public course list page; limited_metadata: source exposed course titles and credits only; no descriptions, prerequisites, or course codes"
NPUA-0213,National Polytechnic University of Armenia,Software Engineering,Software Engineering,,Bachelor,,Ալգորիթմների տեսություն,Theory of Algorithms,9.0,,,,,,,2025/2026,https://polytech.am/edu/software_engineering/,Armenian,"npua_scrape: captured from public course list page; limited_metadata: source exposed course titles and credits only; no descriptions, prerequisites, or course codes"
NPUA-0214,National Polytechnic University of Armenia,Software Engineering,Software Engineering,,Bachelor,,Ավտոմատացված նախագծման մաթեմատիկական մեթոդներ,Mathematical Methods for Automated Design,7.0,,,,,,,2025/2026,https://polytech.am/edu/software_engineering/,Armenian,"npua_scrape: captured from public course list page; limited_metadata: source exposed course titles and credits only; no descriptions, prerequisites, or course codes"
NPUA-0215,National Polytechnic University of Armenia,Software Engineering,Software Engineering,,Bachelor,,Դիսկրետ մաթեմատիկա,Discrete Mathematics,8.0,,,,,,,2025/2026,https://polytech.am/edu/software_engineering/,Armenian,"npua_scrape: captured from public course list page; limited_metadata: source exposed course titles and credits only; no descriptions, prerequisites, or course codes"
NPUA-0216,National Polytechnic University of Armenia,Software Engineering,Software Engineering,,Bachelor,,Ինտեգրալ սխեմաների նախագծման Ալգորիթմներ,Algorithms for Designing Integral Schemes,3.0,,,,,,,2025/2026,https://polytech.am/edu/software_engineering/,Armenian,"npua_scrape: captured from public course list page; limited_metadata: source exposed course titles and credits only; no descriptions, prerequisites, or course codes"
NPUA-0217,National Polytechnic University of Armenia,Software Engineering,Software Engineering,,Bachelor,,Ինտեգրալ սխեմաների մոդելավորման Տեսություն,Theory of Integral Scheme Modeling,3.0,,,,,,,2025/2026,https://polytech.am/edu/software_engineering/,Armenian,"npua_scrape: captured from public course list page; limited_metadata: source exposed course titles and credits only; no descriptions, prerequisites, or course codes"
NPUA-0218,National Polytechnic University of Armenia,Software Engineering,Software Engineering,,Bachelor,,Ծրագրավորման լեզուներ,Programming Languages,7.0,,,,,,,2025/2026,https://polytech.am/edu/software_engineering/,Armenian,"npua_scrape: captured from public course list page; limited_metadata: source exposed course titles and credits only; no descriptions, prerequisites, or course codes"
NPUA-0219,National Polytechnic University of Armenia,Software Engineering,Software Engineering,,Bachelor,,Օբեկտային-կողմնորոշված ծրագրավորում,Object-Oriented Programming,9.0,,,,,,,2025/2026,https://polytech.am/edu/software_engineering/,Armenian,"npua_scrape: captured from public course list page; limited_metadata: source exposed course titles and credits only; no descriptions, prerequisites, or course codes"
NPUA-0220,National Polytechnic University of Armenia,Software Engineering,Software Engineering,,Bachelor,,Սկրիպտավորման լեզուներ,Programming Languages,4.0,,,,,,,2025/2026,https://polytech.am/edu/software_engineering/,Armenian,"npua_scrape: captured from public course list page; limited_metadata: source exposed course titles and credits only; no descriptions, prerequisites, or course codes"
NPUA-0221,National Polytechnic University of Armenia,Software Engineering,Software Engineering,,Bachelor,,Ծրագրավորման տեխնոլոգիաներ,Programming Technologies,6.0,,,,,,,2025/2026,https://polytech.am/edu/software_engineering/,Armenian,"npua_scrape: captured from public course list page; limited_metadata: source exposed course titles and credits only; no descriptions, prerequisites, or course codes"
NPUA-0222,National Polytechnic University of Armenia,Software Engineering,Software Engineering,,Bachelor,,Սարքավորումների նկարագրման լեզուներ,Languages of Equipment Description,4.0,,,,,,,2025/2026,https://polytech.am/edu/software_engineering/,Armenian,"npua_scrape: captured from public course list page; limited_metadata: source exposed course titles and credits only; no descriptions, prerequisites, or course codes"
NPUA-0223,National Polytechnic University of Armenia,Software Engineering,Software Engineering,,Bachelor,,Օգտագործողի գրաֆիկական ինտերֆեյսի ծրագրավորում,User Interface Programming,4.0,,,,,,,2025/2026,https://polytech.am/edu/software_engineering/,Armenian,"npua_scrape: captured from public course list page; limited_metadata: source exposed course titles and credits only; no descriptions, prerequisites, or course codes"
NPUA-0224,National Polytechnic University of Armenia,Software Engineering,Software Engineering,,Bachelor,,Ծրագրավորում Linux օպերացիոն համակարգի միջավայրում,Programming in the Linux Operating System Environment,5.0,,,,,,,2025/2026,https://polytech.am/edu/software_engineering/,Armenian,"npua_scrape: captured from public course list page; limited_metadata: source exposed course titles and credits only; no descriptions, prerequisites, or course codes"
