source,source_type,source_url,job_title,company_name,location,employment_type,seniority_level,industries,posting_date,deadline,skills_tags,full_text,role_group
linkedin,aggregator,https://am.linkedin.com/jobs/view/product-designer-ux-focused-at-commit-4383341015?refId=jIqOPLdRw%2Bah6vggrW%2Berg%3D%3D&trackingId=zdQv%2B2j43b21jGNc%2Bna6zw%3D%3D&position=13&pageNum=2,Product Designer (UX Focused),Commit,"Yerevan, Yerevan, Armenia",Full-time,Mid-Senior level,Software Development,2026-03-09,,,"We’re building a Studio - a new way for product managers and designers to plan and build applications using AI. This Studio allows designers to design, test, and evolve UI directly in the real product environment, using the real UI components. It shortens the gap between idea and production and bridges design and frontend implementation by connecting Figma, live previews, and code generation using vibe-coding.

We’re looking for a UX-driven Product Designer (4-5 years experience) with a builder mindset and a passion for using AI.

Your job is to design a Studio so it feels like real collaboration.That means creating flows that mirror how product managers and frontend engineers actually work together - clarifying behavior, surfacing edge cases, reviewing changes, refining interactions, and iterating on implementation details.

You’ll design:

Flows that feel like real collaborationInteractions that reflect real development workflowsFeedback loops that build trustStates that mirror how frontend systems actually behave

You’ll bring real-world product-building behavior into the product itself. This is not a “throw designs over the wall” job.

You’ll design complex AI-powered workflows in Figma, use Studio to generate real production UI, refine and tweak actual frontend components, improve flows directly in the codebase, and help define how humans collaborate with AI to build software. You’ll be both a UX thinker and a builder.

Requirements:

Builder Mindset Required:

You don’t need to be a senior frontend engineer. But you should be comfortable:

Touching real production componentsTweaking UI behavior to match your intentThinking about implementation constraintsCollaborating closely with engineersIterating quickly from design → code → refinement

Bonus if you’ve:

Understand basic frontend concepts (React is a plus)Have tweaked UI in code beforeBuilt side projects

Requirements:

4–5 years of experience designing real product experiencesHave worked on complex flows (not just marketing sites)Think deeply about interaction, not just visualsCares about system consistencyGets frustrated by unclear UXHas strong opinions about AI product designWants ownership, not tasksHave strong Figma skillsIs curious about AI-native UX

Why This Role Is Different?

You won’t just design an AI product. You’ll help design how AI builds products.",UX / Product Design
linkedin,aggregator,https://am.linkedin.com/jobs/view/senior-designer-at-commit-4378328970?refId=VrjKePYRgmArNPlIh%2BuryQ%3D%3D&trackingId=goLJBm6%2BL3puCxjOT3pYkw%3D%3D&position=25&pageNum=2,Senior Designer,Commit,"Yerevan, Yerevan, Armenia",Full-time,Mid-Senior level,Software Development,2026-02-26,,,"We are looking for an experienced and talented Graphic Designer to join Marketing team. In this role you will be working closely with our diverse in-house team and you will be a part of a think tank working across many marketing and creative touchpoints. We are a global company that works heavily with the West Coast in the US, flexibility upon US West Coast hours is required.

﻿What you will do:

Design and optimize advertising and marketing materials for our various activities and online campaigns, e.g. banners, events, newsletters, landing pages, social posts, booths, roll ups, etc.Suggest design concepts for campaigns that will later be translated to banners, LP., brochures, etc.Create web pages in various formats - delivering the technical, strategical, and textual messages in the best manner, according to the target audience and purpose Collaborate with non-designers across the organization to co-create a plan for executing deliverables such as websites, landing pages, product diagrams, tech sheets.

Requirements:

Requirements:

 Bachelor’s degree in Design \ Visual communication or equivalent design-related field, or commensurate industry experience. 5-8 years experience with in-depth design knowledge and strong visual design background - Portfolio highlighting multiple projects and your direct contributions Experience in digital and print designing, and delivering online campaigns and social networks organic and promoted content. Experience collaborating with multidisciplinary teams on technical implementation.  Ability to act as a leader in communicating conceptual ideas and design rationale, all within a user-centered design process with strong creative concepts cracking skills., Proficient with industry standard design tools (Figma, Adobe Creative Cloud). , AI tools - advantage",UX / Product Design
linkedin,aggregator,https://am.linkedin.com/jobs/view/product-designer-customer-activation-remote-at-constructor-4374747724?refId=oXvoInvAPS4kiHD5XsDDPw%3D%3D&trackingId=rLPR7Pqh3bqNrlNfyOu8mQ%3D%3D&position=3&pageNum=4,Product Designer: Customer Activation (Remote),Constructor,Armenia,Full-time,Entry level,IT Services and IT Consulting,2026-02-18,,,"About Us

Constructor is the next-generation platform for search and discovery in ecommerce, built to explicitly optimize for metrics like revenue, conversion rate, and profit. Our search engine is entirely invented in-house utilizing transformers and generative LLMs, and we use its core and personalization capabilities to power everything from search itself to recommendations to shopping agents. Engineering is by far our largest department, and we've built our proprietary engine to be the best on the market, having never lost an A/B test to a competitive technology. We're passionate about maintaining this and work on the bleeding edge of AI to do so.

Out of necessity, our engine is built for extreme scale and powers over 1 billion queries every day across 150 languages and roughly 100 countries. It is used by some of the biggest ecommerce companies in the world like Sephora, Under Armour, and Petco.

We're a passionate team who love solving problems and want to make our customers' and coworkers' lives better. We value empathy, openness, curiosity, continuous improvement, and are excited by metrics that matter. We believe that empowering everyone in a company to do what they do best can lead to great things.

Constructor is a U.S. based company that has been in the market since 2019. It was founded by Eli Finkelshteyn and Dan McCormick who still lead the company today.

About The Position

You'll be designing the future of product discovery. Constructor powers search and recommendations for some of the world's largest retailers and your work will shape how we show that to prospective customers. You'll own the demo experience: how big brands first see what's possible, and how they imagine their own shoppers using it. You'll also work on onboarding helping customers go live faster with less friction. It's a mix of vision work and practical tooling, with real impact on how Constructor grows.

About You

You're a product designer who owns problems, not screens. You're comfortable with ambiguity, can partner with PMs to shape direction, and know how to translate research insights into production-ready interfaces, working closely with engineers. You ship work that matters.

Beyond being a thoughtful designer, user advocate, and strong collaborator, here are a few things we really value:

 A goal-oriented, iterative mindset — You focus on solving high-impact problems and are comfortable learning, improving, and shipping quickly.  Practical experience with research — You've led user interviews, usability tests, and data analysis.  Experience designing for unfamiliar problems — You've worked on products where you had to understand complex workflows outside your own experience—especially in B2B contexts.  Experience turning ambiguity into structure — You spot patterns, define systems, and design scalable, reusable solutions

Requirements

Visual Strategy: Defining a bold, new design aesthetic for the e-commerce demo site that visually represents ""Product Discovery 2027.""  Interaction Design: Mapping out user flows and interactions for new, cutting-edge features that leverage AI/LLMs (details to be provided in the project brief).  High-Fidelity Mockups: Delivering final mockups and assets for all key pages and states (homepage, search results, product detail page, filtering/sorting experience, etc.).  Component Library: Ensuring all new designs are scalable and align with the existing/evolving Constructor design system

Benefits

🏝️ Unlimited vacation time - we strongly encourage all of our employees take at least 3 weeks per year

💰 A competitive compensation package including stock options

🌎 Fully remote team - choose where you live

🛋️ Work from home stipend! We want you to have the resources you need to set up your home office

💻 Apple laptops provided for new employees

🧑‍🎓 Training and development budget for every employee, refreshed each year

👪 Maternity & Paternity leave for qualified employees

🧠 Work with smart people who will help you grow and make a meaningful impact

Diversity, Equity, and Inclusion at Constructor

At Constructor.io we are committed to cultivating a work environment that is diverse, equitable, and inclusive. As an equal opportunity employer, we welcome individuals of all backgrounds and provide equal opportunities to all applicants regardless of their education, diversity of opinion, race, color, religion, gender, gender expression, sexual orientation, national origin, genetics, disability, age, veteran status or affiliation in any other protected group.",UX / Product Design
linkedin,aggregator,https://am.linkedin.com/jobs/view/ui-ux-designer-at-fidem-llc-4275315537?refId=bv%2BpughIipuoem5%2Be9RurQ%3D%3D&trackingId=YsoQRxrbEVsjKGybA%2Fzm3g%3D%3D&position=7&pageNum=0,UI/UX DESIGNER,Fidem LLC,"Yerevan, Armenia",Full-time,Entry level,IT Services and IT Consulting,2025-07-24,,,"UI/UX Designer

April 4, 2024/0 Comments/by mnatsakanyan

Fidem is a web design and development company, where we love to solve problems. Development and realization of your mind is our favorite task. The combination of quality and speed are our characteristics. We believe that there is nothing impossible.

We are looking for a creative and positive team player, whose passion is communication and web design to join our proactive and growing team.

If You want to grap the world

and think that You can do it, join our team.

Job responsibilities

You must love what you do.Participation in the daily standup meeting․Work according to a task schedule set by the project manager, based on prioritized tasks in our issue management system.Developing concepts, graphics and layouts for product illustrations, company logos, and websites.Creating and implementing interaction models, and user interface specifications for mobile applications.Conduct layout adjustments based on user feedback.Learn, grow and help your peers grow.

Required Qualifications

Portfolio of interface design projects.Knowledge of Adobe XD/Figma is must.Knowledge of Adobe photoshop, Adobe illustrator.Independent logical and analytical thinking.Creativity, attention to detail and self-motivation.Excellent research techniques.

Apply for the job

Attach Your CV

Choose File

File name",UX / Product Design
linkedin,aggregator,https://am.linkedin.com/jobs/view/senior-product-designer-core-product-remote-at-finom-4346273977?refId=oXvoInvAPS4kiHD5XsDDPw%3D%3D&trackingId=hbbW%2FqmKZpKR8IWH7s216g%3D%3D&position=9&pageNum=4,Senior Product Designer - Core Product (Remote),Finom,"Yerevan, Yerevan, Armenia",Full-time,Mid-Senior level,Financial Services,2025-12-25,,,"About Finom

Finom is a European tech startup headquartered in Amsterdam, and we’re on a journey towards revolutionizing the financial landscape for entrepreneurs worldwide. Our mission is to develop an all-in-one financial B2B solution that integrates banking functions, accounting, financial management, and invoicing into a seamless, mobile-first platform.

We recently closed a €115 million Series C equity round (around $133 million), bringing our total funding to approximately $346 million. This significant investment follows a $105 million growth funding round from General Catalyst, a long-term backer since 2021 known for supporting companies like Airbnb, HubSpot, KAYAK, and Stripe.

Finom's platform goes beyond traditional banking, offering invoicing and a growing suite of features, including AI-enabled accounting, aiming to simplify financial management for entrepreneurs. We're actively expanding our reach across key EU markets like Germany, France, the Netherlands, Italy, and Spain.

At Finom, we’re not just redefining the entrepreneurial experience — we’re empowering our employees to make a real difference. Your work matters, and your impact extends far beyond product metrics. We nurture innovation and an inspiring work environment where bold ideas thrive, prioritizing thorough research, swift implementation of solutions, and ensuring that every effort we make benefits our users, employees, partners, and our business as a whole.

Maintaining our start-up spirit, we prioritize thorough research, swift implementation of solutions, and ensuring that every effort we make benefits our users, employees, partners, and, of course, our business.

As a Senior Product Designer, you will be a key contributor and owner within one of Finom’s core product domains, driving end-to-end design for features that directly shape the financial lives of tens of thousands of customers.

This role is for a designer who thrives on complexity, demands excellence, and is ready to translate ambitious business goals into intuitive, elegant user experiences.

What You’ll Do

Own design delivery across the full product lifecycle, from discovery and conceptualization to final implementation and polish.Translate complex business and user problems into clear, user-centered design solutions.Collaborate closely with product managers and engineers to effectively scope, prioritize, and define project outcomes.Create essential design artifacts including user flows, wireframes, high-fidelity mockups, and interactive prototypes.Contribute actively to our design system and maintain consistency and scalability across the entire user interface.Participate robustly in usability testing, user feedback loops, and data-driven experimentation.Support high-priority initiatives such as modular pricing, onboarding UX transformation, and the development of AI Copilot features.

Who You Are

4+ years of experience in product design, ideally gained within fast-paced fintech or SaaS environments.A strong portfolio that clearly demonstrates user-centered thinking and polished execution across various projects.Experience working on complex platforms with multiple user flows, states, and feature dependencies.Confidence working in cross-functional squads with engineers, analysts, and product managers.The ability to rationalize your design decisions rigorously using data, research insights, and direct customer feedback.A strong foundation of curiosity, pragmatism, and a consistently high bar for design quality and craft.

Nice to Have

Exposure to AI-powered UX, accounting, invoicing, or core banking flows.

What You Will Get In Return

Make a genuine impact on the product

Join our upward trajectory, and grow with us. We provide the resources and opportunities for continuous personal and professional development, empowering you to make a genuine impact on our evolving product.

Work in the EU

Embark on this exciting journey with us and enjoy the flexibility of traveling and working remotely or in a hybrid model across Europe.

Become a stock options holder

Unlock your inner entrepreneur and align your aspirations with ours through our Stock Options Program. This exciting opportunity is available to every team member, from junior team members to our founders.

Receive unwavering support and care

Finom stands by you at every step, embodying our commitment to your well-being and success reflected in our modern, friendly, and eco-conscious corporate culture. We offer constant support and care to ensure your Finom experience is successful and fulfilling.

Work & Swim program

Immerse yourself in our exclusive Work & Swim Program. Spend one month in a comfortable corporate apartment in enchanting Cyprus. It's the ideal opportunity to strike the perfect work-life balance while enjoying breathtaking Mediterranean views.

Equal Opportunity Statement 

At Finom, we're an equal opportunity employer and value diversity at our company. We embrace diversity and invite applications from all walks of life. We do not discriminate based on race, religion, color, national origin, gender, sexual orientation, age, marital status, disability status, or other applicable legally protected characteristics.

We may use artificial intelligence (AI) tools to support parts of the hiring process, such as reviewing applications, analyzing resumes, or assessing responses. These tools assist our recruitment team but do not replace human judgment. Final hiring decisions are ultimately made by humans. If you would like more information about how your data is processed, please contact us.",UX / Product Design
linkedin,aggregator,https://am.linkedin.com/jobs/view/product-designer-at-fundraise-up-4385396256?refId=OqaNfnoqN492YuFV1uqHNg%3D%3D&trackingId=RSkfWM%2BtTP55iMsMZMSnnQ%3D%3D&position=21&pageNum=11,Product designer,Fundraise Up,"Yerevan, Armenia",Full-time,Not Applicable,Software Development,2026-03-13,,,"Highlights

Location: Armenia RemoteStock optionsLanguages: Fluent in Russian; English (B2)

About Us

Fundraise Up is a modern fundraising platform built to make donating to nonprofits as fast and convenient as possible. We continuously innovate to reduce page load times, boost conversion rates, and support a wide range of payment methods. Each month, people around the world contribute tens of millions of dollars through our platform.

The world’s leading nonprofit organizations trust Fundraise Up. UNICEF-the most prominent UN charity-uses our platform for 100% of its online fundraising. So does the American Heart Association, the Alzheimer’s Association, and many others. We’re proud to maintain a 4.9 out of 5 rating on leading review platforms.

We serve the enterprise segment, with a primary client base in the US, Canada, UK, and Australia.

The Team

Our product development team is currently at 150+ and growing. Team members are located across Spain, Serbia, Poland, Portugal, Turkey, Cyprus, Georgia, Armenia. We primarily communicate in Russian.

We’re a tight-knit, high-impact team where every task matters. It’s a dynamic, collaborative environment where smart, curious engineers support one another, share knowledge, and strive for excellence. We encourage open dialogue and host bi-weekly engineering meetups to explore technical topics and showcase team insights.

What We Expect

We are looking for a designer with 7+ years of experience. You must be able to generate multiple solutions, justify them, receive and digest feedback effectively. It's essential to be comfortable with the idea of redoing everything from scratch. If such a request hurts your feelings, then we might not be the right fit – we deeply refine solutions, experiment extensively, and discard many ideas along the way.

It's super important to adhere to all types of agreements.

Proficiency in English at B2 level is required.

Before or after the interview, we may ask you to complete a test assignment. If you are concerned about us ""using free ideas for the project,"" we will compensate you for the task regardless of the outcome (please inform us before starting).

Your Responsibilities

Design and document UX scenarios, and create interactive prototypes. Build and maintain interfaces for different parts of the product in Figma. Collaborate with product managers, business analysts, and other designers. Oversee the quality of implementation during later stages of development. 

Additional Information

Our team works remotely, but we operate on a 9 AM to 6 PM CET schedule. During these hours, we actively collaborate via calls and discussions. The final compensation will depend on your experience, performance on the test task, technical interview results, and your country of residence. 

Why Join Us

We’re building a strong team of passionate individuals. Everyone brings unique experience and is eager to share it.

There’s no complex hierarchy here — everyone is just a Zoom call away. Nearly all of our financial statistics are open internally, and we regularly share how the product, sales, and support work, where our clients and revenue come from, and what’s new and interesting across the company.

Benefits

Our compensation package includes comprehensive benefits and perks, meaningful equity, and a competitive salary:

31 days off100% paid telemedicine planHome Office Setup Assistance: the company offers assistance with purchasing furniture (office chair, office desk, monitor) and other items to create a comfortable workspace. English learning courses. Relevant professional education. Gym or swimming pool. Co-working. Remote working. Please note: All official correspondence from Fundraise Up will exclusively originate from the @fundraiseup.com domain. Exercise caution and ensure the authenticity of emails claiming to be from our company. 

We are an equal opportunity employer. We celebrate diversity and are committed to creating an inclusive environment for all employees. We do not discriminate on the basis of race, color, religion, gender, sexual orientation, gender identity or expression, age, national origin, disability, or any other characteristic protected by applicable law in the countries where we operate.",UX / Product Design
linkedin,aggregator,https://am.linkedin.com/jobs/view/ux-researcher-at-fundraise-up-4371155656?refId=vZPkIVfZ8U9Z8YiA2NUOyg%3D%3D&trackingId=4IVoUzBjsMZdlgaf46bt1w%3D%3D&position=22&pageNum=3,UX Researcher,Fundraise Up,"Yerevan, Armenia",Full-time,Mid-Senior level,Software Development,2026-03-05,,,"Highlights

Base Salary: $2,700 - $3,500Location: Armenia RemoteStock optionsLanguages: Fluent in Russian and English 

About Fundraise Up

We’re Fundraise Up - a global fundraising platform built to make donating to nonprofits fast, seamless, and accessible to all. Every month, our technology powers tens of millions of dollars in donations across the globe. We focus on innovation that directly impacts results: faster load times, higher conversion rates, global payment support, and accessibility-first design.

Our platform is trusted by many of the world’s leading nonprofits, including UNICEF, the Alzheimer’s Association, and a wide range of global NGOs. With a 4.9/5 rating across top software review platforms, we’re recognized not just for our impact - but for the quality of the product we deliver.

A Truly Global Product

We operate in the enterprise segment, serving nonprofit organizations across North America, the United Kingdom, Australia, and Europe.

We’re building a large and complex product ecosystem that serves nonprofits, donors, and partners around the world. The platform includes a modern checkout experience and customizable widgets (each a standalone SPA), donor, organization, and partner portals, admin tools, and several internal apps.

The Team

We are a distributed team of 160+ product professionals. Our team members are mainly based across Spain, Poland, Portugal, Georgia, Armenia, Serbia, Turkey, and Cyprus.

Despite our scale, we operate like a focused team - where every task matters and every voice is heard. We value thoughtful collaboration, strong engineering practices, and a product mindset.

About The Role

Fundraise Up is building high-trust donation and fundraising experiences that help nonprofits grow their impact. We’re looking for a UX Researcher to join our Product Research Team and raise the quality, speed, and decision-making power of research across the product.

This role combines classic UX research and Product Discovery: new markets, segments, and product opportunities. You will work across both B2C and B2B contexts: donor-facing experiences (B2C) and nonprofit/org-facing workflows (B2B).

What You'll Do

Take a research initiative from the quarterly plan and run it end-to-end: intake brief → write methodology → conduct research → analyse → synthesize → present → push actions. Choose the right method: interviews, usability tests, concept tests, surveys, desk research, competitive scans or others — based on uncertainty level, business goals, and timeline. Set up the mechanics: access to tools/data, participant scheduling and confirmations, session logistics, note-taking, recording, and documentation — no hand-holding. Be the cross-team “glue”: proactively collect hypotheses and context from Sales, Customer Success, Support, Marketing, Analytics, and turn them into testable research questions. Stay close to product analytics: monitor dashboards and reports, work with analysts to spot anomalies/drop-offs, form hypotheses, and prioritize what to validate with research. Produce outputs people can use immediately: key findings, decisions, trade-offs, risks, and clear recommendations, with supporting evidence (quotes, clips, metrics). Keep an internal pulse: regularly review existing research, past studies, competitor insights, and synthesize what’s already known before running something new. Be the user best friend: ensure user needs and constraints are represented in product decisions – not just opinions. 

Requirements

Proven experience running research end-to-end with high ownership. Strong methodological toolkit and judgment: you can pick the right method for the question, given business goals, timelines, and uncertainty, and explain trade-offs clearly. Experience working across both B2C and B2B products and audiences. Fluent English — all participants are English-speaking; you moderate and present in English. Can work with analytics: read dashboards, spot anomalies/drop-offs, form hypotheses, and validate them via research; PostHog/Tableau is a plus. Regularly collect input from Sales, CS, Support, Marketing, Analytics and turn it into testable research questions. High research quality bar: structured methodology, and ethical practice. Use recruiting platforms and handle logistics yourself: access, scheduling, confirmations, tool setup, etc. Use AI tools to speed up ops and synthesis (guides, notes, tagging/themes, survey drafts, summaries) while keeping human judgment and methodological rigor where it matters. You don’t need to be a marketer, but you should understand core terms and how they affect research and insights. Be the team’s source of new knowledge: run a “research radar” across internal learnings, market/competitor moves, and high-signal UX/product sources, then share regular updates so the team stays current and avoids blind spots. Bring exceptional empathy and care for people: our users are nonprofits and donors—people doing good in the world—so you approach participants with respect, sensitivity, and high ethical standards. 

Strong plus

NN/g certifications. Academic/scientific research background (graduate/PhD track). PostHog / Tableau (or similar analytics tools). Productboard (or other insights repository tools). Mentoring/teaching (workshops, onboarding, sharing research craft). 

Why work with us

A strong, collaborative product team that owns what it buildsClear product vision and access to real customer feedback from global nonprofit leadersFlat structure: no politics, just great work with great peopleTransparent company culture-we share how we’re growing, where revenue comes from, and what’s nextLong-term focus: we offer equity options and value sustained, meaningful contribution

Benefits

31 days off100% paid telemedicine planHome Office Setup Assistance: the company offers assistance with purchasing furniture (office chair, office desk, monitor) and other items to create a comfortable workspace. English learning coursesRelevant professional educationGym or swimming poolCo-workingRemote workingPlease note: All official correspondence from Fundraise Up will exclusively originate from the @fundraiseup.com domain. Exercise caution and ensure the authenticity of emails claiming to be from our company. 

We are an equal opportunity employer. We celebrate diversity and are committed to creating an inclusive environment for all employees. We do not discriminate on the basis of race, color, religion, gender, sexual orientation, gender identity or expression, age, national origin, disability, or any other characteristic protected by applicable law in the countries where we operate.",UX / Product Design
linkedin,aggregator,https://am.linkedin.com/jobs/view/product-designer-aso-specialist-revenue-share-equity-at-individual-entrepreneur-sergey-petrosyan-4382043224?refId=dS8nJqSayPlU4k3b7gYxeA%3D%3D&trackingId=LdrEi7WjGx62MNybPEuR5A%3D%3D&position=25&pageNum=6,Product Designer  / ASO Specialist (Revenue Share / Equity),Individual Entrepreneur Sergey Petrosyan,"Yerevan, Armenia",Other,Entry level,Software Development,2026-03-10,,,"Hi! 👋I’m a solo developer and founder of PixPuzz — Brain training games app, which is available on App Store: https://apps.apple.com/us/app/pixpuzz-brain-games/id6738947031. 
The app has some organic traffic, but the conversion from Impressions → Product Page Views → Downloads is lower than expected.
I’m looking for an ASO Designer to improve the App Store visuals and help grow conversion. This is not a freelance gig, but an early-stage partnership.
Current statusLive iOS app in the App StoreReal impressions and downloads (not zero)Clear understanding of the problem and willingness to iterateGoal: reach profitability within ~12 months
What you’ll doAudit the current product page and competitorsCreate / improve:App iconScreenshots(Optional) Preview videoBuild and test ASO hypothesesCollaborate on conversion optimization across the funnelCollaborate on visual positioning and messaging
Who I’m looking forHands-on experience with ASO and App Store visualsStrong understanding of design-driven conversion, not just aestheticsComfortable working with uncertainty and experimentsInterested in product growth, not one-off tasks
Collaboration model💰 Revenue share: 10–30% of net profit📈 12-month vesting⏱ Flexible schedule, async work🤝 You’ll be the second person on the project, with real impact
ImportantThere is no upfront payment at this stage. This is a high-risk, high-upside partnership. If the app succeeds, we both benefit.If this sounds interesting, reach out with your portfolio, cases, or your thoughts on how you’d improve the app’s ASO.",UX / Product Design
linkedin,aggregator,https://am.linkedin.com/jobs/view/senior-product-designer-at-lightspeed-commerce-4369766856?refId=WZhi%2F8Ks886VUWJcawvrRg%3D%3D&trackingId=4Hpjya4wvW0OFqf%2FsxMMfw%3D%3D&position=17&pageNum=9,Senior Product Designer,Lightspeed Commerce,"Yerevan, Yerevan, Armenia",Full-time,Not Applicable,Software Development,2026-02-28,,,"Hi there! Thanks for stopping by 👋

Are you actively looking for a new opportunity? Or just checking the market? Well… you might just be in the right place!

As Senior Designer you will collaborate and deliver UX experiences across the Retail product team that businesses will find useful and engaging. The ideal candidate is an experienced UX Designer who is comfortable working in a fast-paced environment with complex, interconnected problems. You’re able to set UX goals, direction and strategy that empowers your team with clarity and purpose. You build trust-based relationships across disciplines and leverage diverse perspectives to deeply understand and improve how your team ships impactful work.

A leader in our industry, E-Series by Lightspeed, continues to invest in expanding its advantage in Retail.

What You’ll Be Responsible For

Lead high-level project work from a design perspective with autonomy and authority, facilitating design studios and working sessions to help the teams deliver the best possible solutions.Leverage your UX expertise and understanding of design systems, UI design, and how micro-interactions can help users complete a task.Turn nebulous concepts into specific ideas that are useful and delightful end-to-end digital product experiences.Design holistic systems, flows and interfaces that are simple, elegant, and user-friendly.Understand how to best use the current design system to ensure consistency across platforms and contribute to its continuous improvement.Draw insights from research and data, and know how to turn those insights into tangible solutions.Build relationships and advocate for the user when collaborating with cross-functional teams in product, engineering, and marketing. Oversee the UX from conception to launch.Be a positive role model and culture carrier within the design team as well as an advocate for design within the Lightspeed organization.


What You Bring

At least 5 years of practical, in-house product, UX/UI design experience.Applied experience with service design practices and practice of constantly evolving your design process.Applied experience working across all digital and physical manifestations of what we design - from the responsive web to native applications to the next technological leap.Strong aesthetic and conceptual skills to help elevate the visual identity of our brands.Excellent communication and visualization skills. You can bring internal stakeholders on your design journey and explain work with focus and brevity.Fluency in use of design systems, prototyping, and user research methodologies.A passion for sharing design strategies with fellow designers, product managers, and engineers to deliver better, more user-centered products.An acute level of self-awareness and deep empathy - for both the customer and your team’s goals.A deep curiosity and ability to consider product strategy and vision. You don’t just care about “how it looks,” or “what we should design,” but “why are we designing this at all?”Fluency with product, design, and prototyping tools such as Figma, Google Suite, JIRA.Сonfident both spoken and written English language skills.


A Little Bit About You

You love the idea of being part of a global team with an open, inclusive, and creative environment;you have a strong portfolio that tells a great story and gives insight into the decisions you’ve made during your product creation process;you practice user-centric design and are laser-focused on improving the user experience with existing and new functionality;you are passionate about solving problems while balancing all facets of the user experience (strategy, research, UI and UX design);You have a deep desire to own your work from start to finish, working diligently to improve every facet of the product, while understanding the benefits of collaboration and compromise


What’s In It For You

Lightspeed equity scheme (we are all owners)Health & Wellness Credit- expense up to 195000 AMD per year towards your gym membership, yoga classes, a new bike or whatever else you do for your health Mental Health Support through the Modern Health App- whether it is meditation, coaching or counseling you need - each employee gets access to this platformSupport to talk with external Russian speaking psychologists (up to 7 sessions/year) A medical insurance plan that covers dental care People Experience - Our PX benefit allows you to work from pretty much anywhere in the world for 60 days a year At Lightspeed we value your professional development; you’ll have regular performance reviews and opportunities to make growthVariety of resources. We provide Apple MacBooks Pro for work, free access to LinkedIn Learning for any course of your choice and cover 50% of the cost of SkyEng English classes.Flexible hours and hybrid workAwesome office space located near city center of Yerevan


To all recruitment agencies: Lightspeed does not accept unsolicited agency resumes. If we have not directly engaged your company in writing to supply candidates for a specific vacancy, Lightspeed will not be responsible for any fees related to unsolicited resumes.

Lightspeed is a proud equal opportunity employer and we are committed to creating an inclusive and barrier-free workplace. Lightspeed welcomes and encourages applications from people with disabilities. Accommodations are available on request for candidates taking part in all aspects of the selection process.

Where to from here?

Obviously, this has to be mutually beneficial: we want you to step into a role you love, and we want to offer you a place you’re proud to come to every day. For a glimpse into our world check out our career page here.

Lightspeed is building communities through commerce, and we need people from all backgrounds and lived experiences to do that. We were founded in 2005, in Montreal’s gay village and our original members were all part of the LGBTQ+ community. The ethos of our business has been about inclusion from the very beginning, and we strive to provide a workplace where everyone belongs.

Who We Are

Powering the businesses that are the backbone of the global economy, Lightspeed's one-stop commerce platform helps merchants innovate to simplify, scale, and provide exceptional customer experiences. Our cloud commerce solution transforms and unifies online and physical operations, multichannel sales, expansion to new locations, global payments, financial solutions, and connection to supplier networks.

Founded in Montréal, Canada in 2005, Lightspeed is dual-listed on the New York Stock Exchange (NYSE: LSPD) and Toronto Stock Exchange (TSX: LSPD). With teams across North America, Europe, and Asia Pacific, the company serves retail, hospitality, and golf businesses in over 100 countries.

Lightspeed handles your information in accordance with our Applicant Privacy Statement.",UX / Product Design
linkedin,aggregator,https://am.linkedin.com/jobs/view/ui-ux-motion-designer-work-from-anywhere-at-pragmatike-4380187042?refId=lMa%2F8Gj64CPeooCmBU0RnQ%3D%3D&trackingId=suqsCtU6Cz%2BRzLUgKb7Wlg%3D%3D&position=17&pageNum=2,UI/UX & Motion Designer (Work from Anywhere),Pragmatike,"Yerevan, Yerevan, Armenia",Full-time,Mid-Senior level,IT Services and IT Consulting,2026-03-03,,,"Location: Remote from anywhere (Europe timezone preferred)

Start date: ASAP

Languages: English (required)

About The Role

Pragmatike is hiring on behalf of a fast-growing AI and trading startup building the first orchestration protocol that unifies all trading dimensions under a single AI-powered layer. The platform enables seamless trading across crypto and traditional financial markets, combining institutional-grade strategies with cutting-edge technology.

We are looking for a UI/UX & Motion Designer to craft visually compelling product experiences, from interface design to dynamic animations and product videos. This is a hybrid role where design, motion, and product storytelling intersect, enabling the platform to communicate its vision through engaging visuals and user-centric experiences.

What You’ll Do

Produce high-impact product presentation videos for landing pages, demos, ads, and social contentDesign UI animations, micro-interactions, and product walkthroughsCreate product mockups for web apps, dashboards, and mobile interfacesDevelop animated branding assets including logos and dynamic visual identitiesLeverage AI creative tools to generate innovative visuals and conceptsCollaborate closely with Product and Engineering teams to integrate design with functionalityContribute to product storytelling, user experience, and visual strategy

What We’re Looking For

3+ years of experience in motion design and/or product designStrong portfolio showcasing product videos and UI motion work (mandatory)Comfortable in fast-paced startup environments with high ownershipStrong interest in SaaS, AI, fintech, or crypto ecosystemsAbility to quickly understand technical products and translate them into engaging visualsDeep design culture and continuous exploration of AI-driven creative tools

Bonus Points

Experience designing for fintech, crypto, or Web3 platformsExperience with 3D tools and real-time animationFamiliarity with interactive prototyping tools (Webflow, Framer)Previous work with data-heavy dashboards or complex SaaS interfaces

Why This Role Will Pivot Your Career

Shape the visual identity and user experience of an AI-first trading platformDirect impact on how users interact with real-money trading systemsExposure to both crypto and traditional financial marketsHigh creative ownership and influence on product storytellingWork at the intersection of AI, design, and scalable product architecture

Technology & Tools

Design & Animation: After Effects, Premiere, Blender or equivalent 3D toolsUI/UX: Figma, interactive prototyping (Framer, Webflow optional)AI Creative Tools: Runway, Midjourney, Pika, Sora-like toolsFlexible workflow: Output quality and creative impact prioritized over tool choice

Benefits

Competitive compensation commensurate with experienceFully remote-friendly with flexible working hoursAccess to cutting-edge AI and creative technologiesHigh ownership over product visuals and user experiencePragmatike is committed to a fair, transparent, and inclusive recruitment process. We ensure no applicant is discriminated against based on age, disability, gender identity, marital status, race, religion, or sexual orientation. 

Application Requirement:

Applications without a portfolio will not be considered. Please include a link to your portfolio (Behance, personal website, Dribbble, or similar).

Pragmatike is dedicated to a fair, transparent, and inclusive recruitment process. We ensure that no applicant is discriminated against based on age, disability, gender, gender identity or expression, marital or civil partner status, pregnancy or maternity, race, religion or belief, sex, or sexual orientation. In accordance with the General Data Protection Regulation (GDPR), your personal data will be processed lawfully, fairly, and securely. We collect and use your personal data solely for recruitment purposes, including sharing it with our client(s) for employment consideration. You have the right to request access, correction, or deletion of your data at any time. We are committed to maintaining the confidentiality and security of your information throughout the recruitment process.

",UX / Product Design
linkedin,aggregator,https://am.linkedin.com/jobs/view/head-of-ui-ux-at-prop-firm-match-4370156521?refId=WP9X8KQCOFzTlkMAs67EQw%3D%3D&trackingId=HY2%2BXp6PI0rO%2Bv92HEzyyQ%3D%3D&position=15&pageNum=2,Head of UI/UX,Prop Firm Match,Armenia,Full-time,Director,IT Services and IT Consulting,2026-02-07,,,"The Head of UI/UX ensures that Prop Firm Match's product experience is intuitive, trustworthy, and conversion-driven, translating business goals and user needs into a clear, scalable design vision across all platforms.

This role owns the end-to-end user experience - from research and product discovery to interface design and design systems - ensuring that every interaction supports trader trust, product clarity, and measurable business outcomes. The Head of UI/UX acts as the bridge between Product, Engineering, Growth, and Leadership, building a design culture that combines usability, speed, and high-impact execution.

Requirements

Performance Objectives 

 Build a clear, conversion-driven product experience across the platform (first 90 days → after)

Ensure the product is intuitive, trustworthy, and optimized for user decision-making and conversion.

Key outcomes:

▸ Audit current user journeys (discovery → comparison → signup → retention)

▸ Identify UX friction affecting conversion, trust, and usability

▸ Redesign priority flows to improve clarity, speed, and engagement

▸ Align UI/UX decisions with business and growth objectives

Success looks like:

Users navigate easily, understand value quickly, and convert with less friction.

 Establish scalable UI/UX systems and design standards (first 3-4 months, ongoing)

Create consistency and efficiency across all product interfaces.

Key outcomes:

▸ Build and maintain a unified design system and component library

▸ Standardize UX patterns across web and future product features

▸ Improve collaboration workflows with Product and Engineering

▸ Ensure design quality and consistency across releases

Success looks like:

Faster design-to-development cycles and consistent product experience across all touchpoints.

 Strengthen product decision-making through user insight and data (ongoing)

Ensure design decisions are driven by user behavior and measurable outcomes.

Key outcomes:

▸ Implement user research, usability testing, and feedback loops

▸ Partner with Product and Data teams to track UX and conversion metrics

▸ Translate insights into prioritized design improvements

▸ Support experimentation and A/B testing for key flows

Success looks like:

Design decisions backed by data, measurable UX improvements, and stronger product-market alignment.

 Build and lead a high-performing UI/UX function (ongoing)

Create a design culture that balances speed, quality, and business impact.

Key outcomes:

▸ Hire, mentor, and manage UI/UX designers as needed

▸ Establish clear design ownership and delivery timelines

▸ Act as strategic design partner to Product, Growth, and Leadership

▸ Elevate overall design maturity and standards across the company

Success looks like:

A strong design function that drives product quality, trust, and business results.

Required qualifications:

7+ years of experience in UI/UX or product design, including experience in a senior or lead roleProven experience designing for SaaS, fintech, marketplace, or data-heavy digital platformsStrong portfolio demonstrating end-to-end UX ownership and measurable business impact Strong practical understanding of how to use AI in UX research, product design, prototyping, and experimentation, with a forward-looking approach to integrating AI into user experience and product decision-makingAbility to translate business goals and user needs into intuitive, conversion-driven product experiencesExperience building or scaling design systems and maintaining UI consistency across productsStrong collaboration experience with Product, Engineering, and Growth teams in fast-paced environmentsData-driven mindset: comfortable using user insights, analytics, and testing to guide design decisionsExperience leading, mentoring, or coordinating designers and design workflowsAdvanced proficiency in Figma and modern design/prototyping tools; comfortable with product and collaboration tools (Slack, Notion, Jira) High ownership, clear communication skills, and ability to work effectively in remote, async, cross-functional teams

Hiring stages:

We keep our process simple, transparent, and respectful of your time. Here's what to expect:

 Application & portfolio screening: We review CVs and portfolios to assess relevant product experience, design quality, and demonstrated impact on usability, conversion, and product clarity Portfolio deep-dive (async): Selected candidates share short videos walking through 2-3 key projects, covering problem definition, design decisions, collaboration with product/engineering, and measurable outcomes. This helps us understand thinking before live discussions Discovery interview with Head of HR: A conversation with Ani Meruzhan Margaryan focused on career journey, communication style, ownership mindset, and alignment with our remote, fast-paced environment Professional interview : A structured discussion with Vitalii Razgulin, Product Designer exploring design thinking, product collaboration, and execution quality. The focus is on real project experience, decision-making process, and ability to deliver user-centered design in a fast-moving product environment Practical design task: We may assign a short, role-relevant task reflecting real Prop Firm Match product challenges. This evaluates product thinking, prioritization, clarity, and practical design approach Leadership interview: Conversation with CEO and/or CTO focused on strategic thinking, ownership, and ability to build and scale the UI/UX function within a growing global product company Offer stage: If there is strong mutual alignment, we begin with an informal offer discussion followed by a formal written offer

Before applying, please take into account that:

▸ If you don't meet every single qualification but believe you can excel in the role based on what it requires - we encourage you to apply.

▸ We are an equal opportunity employer and welcome applicants from all backgrounds, experiences, and perspectives.

▸ Even if it's not listed as a formal requirement, we truly value candidates who have clear familiarity with the prop trading industry and us, our mission and what we do.

Benefits

Why Join Prop Firm Match Global FZCO?

▸ Contribute to a growing platform shaping the future of proprietary trading

▸ Work within a flat, collaborative team where your input is valued

▸ Competitive Compensation, Including Base Pay And Benefits

▸ 100% medical, dental, and vision coverage (U.S. only), including gender-affirming care

▸ Flexible PTO including sick time, holidays, refresh days, and sabbatical leave after five years

▸ Work remotely with the flexibility you need to maintain balance and focus.

▸ A professional, transparent, and healthy work environment that values both results and people.",UX / Product Design
linkedin,aggregator,https://am.linkedin.com/jobs/view/product-designer-%E2%80%94-ux-ui-for-games-platforms-at-softconstruct-4384492488?refId=YGQV1Um%2BHj0OA65lJ80kcw%3D%3D&trackingId=QXWHhqSdy3dad4yYW2kKFg%3D%3D&position=15&pageNum=0,Product Designer — UX/UI for Games & Platforms,SoftConstruct,"Yerevan, Yerevan, Armenia",Full-time,Mid-Senior level,Gambling Facilities and Casinos,2026-03-17,,,"Description
Design products used by players worldwide. We build digital entertainment platforms and game interfaces used by global audiences. Our design team works at the intersection of UX, product design, and interactive entertainment. We are looking for a Product Designer who combines strong interface design skills with thoughtful UX thinking and understands how design translates into real production systems. You will work closely with developers, product teams, and designers to create intuitive, elegant experiences.
Requirements
• Strong UX/UI portfolio.• Advanced proficiency in Figma (components, auto-layout, prototyping).• Experience designing digital products or platforms.• Basic understanding of front-end constraints.• Experience working with AI-assisted design tools.
Portfolio Requirements • Applications without UX/UI case studies will not be reviewed.• Portfolio must include real product interfaces.• Work should demonstrate UX thinking and interaction design
Responsibilities
• Design UX and UI for game interfaces, websites, and digital platforms.• Create wireframes, flows, and prototypes.• Design scalable interface systems and production-ready UI.• Collaborate closely with developers to ensure implementation feasibility.• Maintain and contribute to design systems.• Use AI-assisted tools to accelerate design workflows.
What Great Designers Bring
• Strong UX thinking and problem-solving ability.• Clear understanding of usability and interaction design.• Ability to translate product goals into elegant interfaces.
Why Join Us • Work on digital products used globally.• Collaborate with experienced designers and developers.• Shape the next generation of digital entertainment experiences.
Working conditionsLocation: This role requires a hybrid setup-you will work both remotely and on-site at our Yerevan office based on team and business needs.This is not a fully remote or fully in-office position.Type: Full-time,
",UX / Product Design
linkedin,aggregator,https://am.linkedin.com/jobs/view/associate-product-designer-at-techx-global-4388342586?refId=0sJPLggK8GC5meNwe3Deuw%3D%3D&trackingId=mLIgAEFkBc1TH9VWTPFqKQ%3D%3D&position=23&pageNum=2,Associate Product Designer,TechX Global,"Yerevan, Armenia",Full-time,,,2026-03-20,,,"Company DescriptionOptimum Partners is an international IT services providing company headquartered in Dubai, with over 250 engineers worldwide. Our Armenian team includes more than 60 professionals delivering solutions across industries. Clients include global names such as Forbes Media, Hearst, and Block One, along with fast-growing companies in the US, Canada, Europe, Asia, and the Middle East.
Job Description:TechX is a full-time, pre-employment role designed by Optimum Partners to prepare early-stage professionals for actual employment.This is not a course or bootcamp. TechX is a structured pathway designed to identify and train individuals we aim to hire. Participants will engage in real-world projects, gaining hands-on experience in a collaborative environment.
Benefits:Real-World Projects: Dive into internal tools, platforms, and digital products that mirror our global delivery environment.Mentorship: Learn from experienced professionals actively working on international projects.Career Pathway: Successful completion of the program leads to employment with Optimum Partners.A monthly scholarship is provided to support participation throughout the program.
Job responsibilitiesUndertake training and practical execution across the full design spectrum, including UI design, UX workflows, and the creation of graphic design assets;Develop and implement standardized UI components and typical design patterns, create detailed operating instructions and design specifications (handoffs)Participate in the testing, debugging (UI/UX QA), and refining of developed software interfaces and interactive prototypesMaintain, update, and refine design documentation and prototypes in accordance with changes in input/output data, system architecture, and the evolving characteristics of the digital product environment;Research and determine the feasibility of using existing design frameworks, UI kits, or third-party software tools to solve specific user interface problems and improve delivery efficiency.
Required qualificationsEnglish Proficiency: Must have a minimum B2 level in English, with the ability to comprehend, express, and narrate effectively.Design Foundation: Have basic design experience such as completing UX/UI courses, personal projects, bootcamp modules, or relevant university assignments.The ""Design Brain&"": We are looking for logic, not just art. You should understand the basics of user flows, hierarchy, and typography.This is not for absolute beginners — hands-on exposure to tools like Figma or Adobe Creative Suite is required.Adaptability: Are eager to engage across various domains, including Product Design, Visual Identity, User Research, and Marketing Design.Growth Mindset: Demonstrate adaptability and a willingness to learn new technologies, methodologies, and tools.Availability: Are fully available to commit to a 5-month, on-site program in Yerevan, 5 days a week, 8 hours per day.Motivation: Possess strong motivation to grow into contributing members of real project teams.
Required candidate levelJunior
Personal skillsAbility to work independentlyAdditional Information:CV: Include relevant education and tools proficiency.Portfolio (Mandatory): You must include a link to your portfolio (Behance, Dribbble, etc.). Applications without a portfolio will not be considered.Tip: We want to see your process. Show us how you solve problems, not just the final image.How to Apply:Send your CV and Portfolio to recruitment.armenia+techxdesign@optimumpartners.com.Use the subject line: “Associate Product Designer - TechX Design”.",UX / Product Design
linkedin,aggregator,https://am.linkedin.com/jobs/view/ui-ux-designer-focus-on-ai-at-scandiweb-4380902623?refId=WP9X8KQCOFzTlkMAs67EQw%3D%3D&trackingId=p0ia%2B%2BVDdde8ZzL7ir34nw%3D%3D&position=1&pageNum=2,UI/UX Designer (focus on AI),scandiweb,"Yerevan, Yerevan, Armenia",Full-time,Mid-Senior level,IT Services and IT Consulting,2026-02-07,,,"Department: UX/UI DesignLocation: ArmeniaCompensation: €1,000 - €1,200 / month

Description

For every person joining us for any position, there is a path and an opportunity to reach an executive role and become a company partner.

Antons Sapriko, Company Founder
__

Here is a video story of a colleague who leads the Digital Experience team: 

How to become a UI/UX Designer in the scandiweb eCommerce expert team?

We are a very inclusive company with colleagues from over 30 countries across all continents. Our ratio of females is among the highest in the industry. We welcome people from all walks of life who can complete a test by showing their skill and knowledge.

While experience in UX/UI design and proficient knowledge of Figma and other design tools are expected in this role, we value your ability to deliver results starting from the test task, and your enthusiasm and openness to embrace new knowledge and processes. Continuous learning and acting on feedback are among our core organizational values.

What do we expect from a UI/UX Designer? 

At least more than 1 year of full-time experience in an agency, freelance, or in-house creative team;Great spoken and written English skills;Proficiency in using tools such as Figma and Adobe Creative Suite;Ability to create and refine prompts for AI-driven design generation in FigmaMake, Lovable, and comparable platforms;Hands-on experience with AI visual design tools to produce high-quality creative assets, like Midjourney, Runway, Adobe Firefly, DALL·E, and alike;Understanding of basic front-end languages: HTML5, CSS3 Javascript;You clearly articulate design decisions and can explain why certain things we designed in a particular way;You accept and respond well to constructive feedback. Passionate about your work and executing it to perfection;Ability to work directly with a client;Deadline-driven;Experience in developing and maintaining design systems to ensure consistency and efficiency in the design process;Familiarity with using AI tools to enhance design workflows, improve user experiences, and streamline repetitive tasks.

The following requirements are not mandatory, but we will consider them as a bonus:Work experience in eCommerce;Good understanding of branding and ability to define new visual identities during rebranding projects.What are the responsibilities of a UI/UX Designer?

As a UX/UI Designer, you will join our Digital Experience team and have the opportunity to work with many world-leading brands, such as Sportland, Laithwaites, Umniah, Gosh, Läderach, Hyundai, and many others.

You will collaborate closely with UX researchers and marketers to craft seamless digital experiences. On a daily basis, your tasks will include:Designing eCommerce stores;Supporting eCommerce merchants with graphical materials such as social posts, banners, and ad sets;Building and maintaining component libraries;Defining new visual languages and brand identities;Presenting your work to the team and clients.Further career growth for UI/UX Designer?

You will get support in career counseling from our HR department and a mentor from the field, as each career path is unique, considering your personal strengths and ambitions.

Further professional growth and development can lead you to become a senior, Team Lead for one and/or multiple teams, heading a particular practice, and ultimately working with complex data analysis projects for top brands like Puma, The New York Times, or Läderach.

What is the compensation package for a UI/UX Designer at scandiweb?

Competitive starting salary relative to the market;Valuable eCommerce experience at the industry leader scandiweb;Exciting travel opportunities;Support for hardware upgrades;Core health insurance coverage and sports bonuses;A diverse multinational team of experts to learn from;Company-covered training and certification;Legendary online and onsite events to celebrate our success together.Next stepsApply and fill in the application form;Receive the test task and complete it.Here is what people who joined the Digital Experience team want to share with you:

“I joined scandiweb six years ago as a junior web and graphic designer. Throughout the years, I have gained new skills, particularly in UI/UX design. Currently, I primarily focus on UI/UX design-related projects.


The beginning was both exciting and challenging, as I quickly found myself working on a project for House of Electrical, which dealt with electrical supplies. This was my first project from start to finish, and it was quite demanding, not only because eCommerce was new to me but also due to the communication needed with the client and team to deliver the final results.

Over the years at scandiweb, I've continued to enhance my skills, not just in UI/UX but also in graphic design. I've also helped organize offline and online events, had the opportunity to manage the design team, and improved processes to make our work more efficient and comfortable.

Overall, working at scandiweb remains exciting and challenging, with plenty of opportunities for further self-improvement.”
Arturs Boroviks. UI/UX Designer from Latvia. Joined the company on 1/11/2018",UX / Product Design
10web,company_portal,https://10WEB.bamboohr.com/careers/52,Senior Product Designer (UI/UX),10Web,"Yerevan, Armenia",Full-Time,Senior,Technology / AI Website Builder,,,,"At 10Web, we value simplicity, minimalism, and thoughtful design. For us, simplicity goes beyond visual style - it’s about transforming complexity into clarity by focusing on what truly matters. We’re looking for a
Senior Product Designer (UI/UX)
who can lead design initiatives, think strategically, and translate complex product requirements into elegant, scalable solutions.
Important Note Before Applying
Please apply only if you meet the following requirements:
You have 3+ years of recent, hands-on experience in product design
You can share a portfolio with a minimum of
3 real product design projects
(Figma, Behance, Dribbble), preferably including complex or SaaS products
If possible, please also attach the working/source files
Applications that do not meet these criteria will not be considered.
Responsibilities:
Lead the design of simple, user-friendly, and effective products aligned with business goals and long-term product vision
Own and evolve design systems to ensure consistency, scalability, and quality across products
Deliver high-quality designs with exceptional attention to detail and usability
Balance user needs, product requirements, technical constraints, and brand strategy to create intuitive experiences
Drive and contribute to user research, usability testing, and feedback analysis in collaboration with product managers
Translate user insights and product data into strategic, impactful design decisions
Define interaction models, user flows, and success metrics for features and products
Create and review wireframes, workflows, and high-fidelity interactive prototypes
Solve complex UX problems with elegant, scalable, and user-centered solutions
Collaborate closely with engineering to ensure high-quality implementation of designs
Stay up to date with competitors, industry trends, and emerging design methodologies
Take ownership of design initiatives and drive them from concept to delivery
Required Skills & Experience
5+ years of up-to-date experience in UI/UX and product design
Strong experience designing complex digital products (SaaS, platforms, or large-scale web applications preferred)
Expert-level proficiency in
Figma
(Sketch experience is a plus)
Strong working knowledge of
Photoshop and Illustrator
Excellent analytical, problem-solving, and critical-thinking skills
Solid understanding of
HTML and CSS fundamentals
to collaborate effectively with developers
Proven ability to translate research, data, and business requirements into actionable design solutions
Fluent in English, both written and verbal
Portfolio Requirement
Please include links to your portfolio (Figma, Behance, Dribbble) showcasing
at least 3 product design case studies
(If possible, please also attach the working/source files.)
Portfolios without in-depth, product-focused case studies will not be reviewed.",UX / Product Design
softconstruct,company_portal,https://peopleforce.softconstruct.com/careers/v/2151-live-casino-product-designer,Live Casino Product Designer,SoftConstruct,Yerevan,,,Technology,,,,"Live Casino Product Designer
Description
Requirements
Responsibilities
Nice to have
Working conditions
Department
Creedroomz
Location
Yerevan",UX / Product Design
softconstruct,company_portal,https://peopleforce.softconstruct.com/careers/v/2289-product-designer-igaming-sportsbook-andor-casino,Product Designer (iGaming – Sportsbook and/or Casino),SoftConstruct,Yerevan,,,Technology,,,,"Product Designer (iGaming – Sportsbook and/or Casino)
Are you GAME to
JOIN US and be our new Product Designer (iGaming – Sportsbook and/or Casino)?
SoftConstruct is on a search for a new player to join our team.
Responsibilities
Conduct in-depth user research and usability testing focused on betting and gaming behaviors, understanding player motivations, friction points, and retention drivers
Design end-to-end user journeys across Sportsbook and Casino products, including onboarding, KYC, deposits/withdrawals, bet placement, bonus flows, and wallet interactions
Translate insights into wireframes, interactive prototypes, and high-fidelity UI designs in Figma (leveraging auto-layout, components, and scalable design systems)
Create intuitive, conversion-driven interfaces optimized for engagement, bet frequency, session duration, and retention
Improve complex user flows such as bet slips, live betting, cash-out, promotions, tournaments, and gamification mechanics
Collaborate closely with Product Managers, Frontend Engineers, CRM, and BI teams to align UX decisions with KPIs (conversion rate, ARPU, retention, churn reduction)
Ensure design consistency across Sportsbook, Casino, and cross-product experiences (desktop, mobile web, app)
Contribute to and maintain a scalable design system tailored for high-traffic, real-time betting environments
Present and defend design solutions to stakeholders, clearly articulating business impact and user value
Requirements
3+ years of experience in Product Design / UI/UX Design within the iGaming industry
Proven hands-on experience designing for Sportsbook and Casino platforms (betting flows, bet slip UX, live betting, casino lobbies, game providers integration, bonus mechanics)
Strong proficiency in Figma (auto-layout, components, prototyping, design systems at scale)
Solid understanding of player lifecycle in iGaming: acquisition, activation, engagement, retention, and reactivation
Experience designing high-load, real-time interfaces with complex data structures (odds tables, live events, dynamic content)
Deep understanding of interaction design, information architecture, and mobile-first UX principles
Ability to interpret product metrics and analytics (conversion funnels, heatmaps, A/B testing results) to inform design decisions
Experience working in agile, cross-functional teams alongside Product Managers, Developers, CRM, and BI
Strong communication skills with the ability to justify UX decisions in business terms
Experience with other iGaming verticals: Slots, Live Casino, Crash Games, Virtuals, Esports
Experience designing promotional tools: bonuses, free bets, loyalty programs, missions, gamification, tournaments
Background in B2B iGaming platforms (back office, CMS, player management systems)
Experience with localization-heavy products across multiple regulated markets
Understanding of compliance constraints in regulated jurisdictions
Do you like to learn hard, work hard and play hard?
Do you imagine better things, technologies, future?
If you answered “Yes” to at least two of these questions then we might be a great fit for you
Department
Product Design Department / Պրոդուկտ դիզայնի բաժին
Location
Yerevan",UX / Product Design
softconstruct,company_portal,https://peopleforce.softconstruct.com/careers/v/423-senior-uiux-designer,Senior UI/UX Designer,SoftConstruct,Yerevan,,Senior,Technology,,,,"Senior UI/UX Designer
Are you GAME to JOIN US
and be our new Senior UI/UX Designer?
We are looking for an enthusiastic Senior UI/UX Designer to join our team!
Responsibilities
Understand product specifications and user psychology
Create design through user research and data
Define the right interaction model and evaluate its success
Develop wireframes and prototypes around customer needs
Find creative ways to solve UX problems
Communicate design ideas and prototypes to developers
Keep abreast of competitor products and industry trends
Collaborate with product management and engineering to define and implement innovative solutions for the product direction, visuals and experience
Create storyboards, user flows, process flows and site maps to effectively communicate interaction and design ideas
Execute all visual design stages from concept to final hand-off to engineering
Requirements
The ideal candidate will have a minimum 3+ years of experience in UI/UX design
Created and maintained UX wireframes and flows with Figma, XD, or other prototyping tools
Proficient user of Photoshop and Illustrator
Excellent research techniques
User modelling skills, like persona and scenario creation
Excellent understanding of product design – product-level interaction principles and concepts
Excellent understanding of interaction design – product-level interaction principles and concepts
Excellent understanding of interface design – product-level interaction principles and concepts
Excellent understanding of information architecture and information design -content structure and presentation principles
Department
Design Directorate / Դիզայնի տնօրինություն
Location
Yerevan",UX / Product Design
